id,nombre,genero
b5f9c894-ac04-4785-8112-91ee0e598113,Ody Branchet,Male
ce7cf0c4-4b91-44b9-9200-f973a751b53f,Astra Jamieson,Female
c3b228c7-74ce-49a3-a3b3-cd2e1dccf9bc,Conrad MacMickan,Male
51a5f054-8f61-4cc9-a13a-b427964a73c7,Tomlin Linsey,Male
cbee1941-4b03-459d-bf4d-39af94da5d29,Leonerd Agiolfinger,Male
daa30d59-6e0c-4557-9677-c22decca4469,Aida Laughren,Female
e91d03eb-86ba-4527-ab76-1e6c335c8f00,Oralia McLenahan,Female
fb6aa893-f46a-4394-9c4b-1c7d89b5ea3b,Bill MacColgan,Female
a5831789-30e1-4dd8-855c-8d63672d282f,Leanna Gillford,Female
949d559e-1467-4924-9a4e-0beead2b3dc9,Gabbi Timson,Female
f16b8c2e-6357-46e0-bfb5-2d6fd99f0600,Jacquetta Adaway,Female
ac118d01-5373-426f-bd02-01b990da8343,Jaime Hatz,Female
6256d206-255a-4f93-9f9c-7ee36678eca5,Ode Bollam,Male
095eaf73-6119-4dec-831a-b029af88163b,Dyanna Overy,Female
664411ab-fa60-4772-bc78-ebf57be13740,Marybelle Mc Harg,Female
4f479b0d-baef-426b-a8ec-9d3721384945,Gwenni Bernier,Female
50a37dcb-3b29-462c-b188-56e7eb3a146a,Raymund Standall,Male
6a70f7fa-80e6-42c2-8443-faf6d4b9adbe,Hermina Scherme,Polygender
d99734b8-ce00-4184-bbb0-a32a71a03c6b,Peri Niccolls,Female
725278e1-42bd-4275-9321-6cfefb432db3,Sauveur Lawranson,Male
08c59c1f-0124-4fc8-8442-dd608a59a902,El Laguerre,Male
1486632f-b0af-4e0b-a938-019961fb688c,Lenard Froom,Male
e4cef13c-0701-4c24-a2ca-3344a34a713e,Aggi Malacrida,Female
5e0ecd05-49c8-491f-b520-e9dc1920d3d2,Padgett Hindsberg,Male
2afac653-3d94-4cc1-b5c9-6c60e8c43a9b,Billye Waterdrinker,Female
c93905c1-3cc5-4c62-9365-12697a44dd2a,Hermione Pennycord,Female
4e35e835-9104-4606-8d81-434ef01b2a75,Shaina Surman-Wells,Female
47ec4a66-fef9-4c2e-ad7b-416e460b91b0,Marylee Grimbaldeston,Female
dde9c3fa-3542-4ea8-9cec-fb2582e36701,Martino Tappin,Male
f2cf20a8-7433-43cc-9c18-bdefd57fce6a,Dill Powell,Male
6c291e18-424a-464a-8cbb-4ae5d92f5068,Arron Facher,Male
a42a818f-2d1b-4c9c-a8cf-a0f094d454ca,Clarey Grishinov,Female
b6208707-80ca-4a23-aa78-b2f6b1ceb9d0,Leyla Jarrold,Female
66c39b86-2896-4847-94d3-19c85f274e4b,Lindsay Caldicot,Male
a8143da7-de8c-474a-aa2d-3e9f4fb63a3e,Marcus Hollibone,Male
90a16064-1bf0-44d0-a1c1-cfba15504d0d,Martin MacAdie,Male
c2e8411d-c9e2-4686-a328-217bfba50dc6,Ulrike Marian,Female
7828aae2-ac6e-44e0-9a9b-8f3ac54c2f9f,Kaleena Kenwyn,Female
30860441-08fc-46dc-b8aa-bd5682f20167,Frazier Sherrell,Male
8254bc59-8115-4ddb-8104-7170058bef37,Kristen Patrone,Female
9cccebf4-1f71-425c-b8f7-2ec7672bcc2e,Cassie Laurisch,Male
f1cd1aea-4f85-4c04-b0fa-106aeab162a1,Mikol Klemencic,Male
a376328c-e808-4f60-b1cb-fed2382ba93a,Catha Sofe,Female
92c1ceaf-05df-476f-9d20-a11e6deed986,Dicky Spikeings,Male
5b3622d5-c511-4d40-a05e-52f5b473be3c,Gerrilee Farnill,Female
b82d9518-d482-4f1d-b022-e9b3cf0a8bb4,Baxter Purvey,Polygender
ff83c65e-4b8e-4391-b728-8507fa855829,Chuck Kinny,Male
3fece5f3-d69f-4ad1-bf61-37ec1f17bea5,Estell Neale,Female
09959673-fe66-45cc-830c-b2da887612b4,Annabell Reinhardt,Female
e8940e86-cb1b-448a-b891-7cccd4b24a05,Kathryn Charle,Female
4826a0e7-ca8d-4d41-8344-ca03b920be97,Ruby Dalrymple,Female
ffa4c35b-44ef-4c11-a0e1-3023d5a254fa,Aveline Handling,Female
263a3c9d-7a3a-4e94-8736-a4f838e8fbc6,Devan Bassingden,Non-binary
f115ebd3-926c-4f0d-9a75-4ddb1f6e40d4,Kasper Elsy,Male
0f708049-0e11-4573-8ef8-c87607c79231,Linnie Cassius,Female
6052f3fb-d353-4d60-bca0-74612c510929,Lynn Fernley,Male
40db127e-4e34-45f7-bcaa-8ae89d578e09,Filbert Bagshaw,Male
5608ae10-36f3-4bc9-89d3-def546c8d76e,Jedd Murfill,Male
a294d9b7-1f19-49fe-a90c-a8df0e52faf3,Waldon Stanman,Male
7039efc4-409c-4ec2-b26a-53c4b6d33efe,Kesley Crownshaw,Female
d6d76e29-b9fa-4527-8e53-a73073d3ef5b,Marja Coushe,Female
b83112ab-0cb7-431f-9d25-eb343e5c8a29,Guglielmo Smidmor,Male
51fb593b-65f4-4cea-8478-478d36f594b3,Alasdair Leaney,Male
cea54605-add3-42d0-ae0c-fdbfbca7a3a4,Nichols Schieferstein,Male
be78f5a0-10d7-4dda-ba8e-8ecc4f21be6a,Darrick Kingswell,Male
aad291ad-ab01-4c5c-803c-8d58edeb9126,Barny Routh,Male
5cffed23-5a8d-47cb-8e97-e1f9d3f92141,Brose Evered,Male
e73f9905-4e01-4204-87b4-673cb6580e22,Berti Murrow,Female
3dd027e4-f935-42f9-bf1e-dceee725cb55,Haze Leavry,Male
6588b0f8-cd7c-4f2a-8835-37c0a3a5659d,Kris Colthard,Female
b15d855c-8f7a-4ff4-bbbb-d2c0cf79ed95,Bridie Dominik,Polygender
5b654887-6585-4827-aaa1-19a468494896,Denny Lidgertwood,Male
b8d95517-3bfb-47d4-adf7-a61ae11d4874,Caspar Joust,Male
fb4562f5-659f-4e2b-93be-b47a9fc0f323,Peta Labone,Agender
a4a06f93-c6f1-4739-84ea-ac6c1ad0805a,Sorcha Buckett,Female
42629f0e-20f3-49a3-aae6-5d47d0fef752,Jozef Farney,Male
81ecc2c5-8944-48bc-a8aa-1db7aa775ff7,Valli Guiton,Female
6b2161c3-b7a9-4524-a9fd-969c93473eff,Rogerio Syder,Male
f0d34866-7667-452e-8e03-231f5bfcee96,Trevor Mullis,Male
6043ef08-9812-4740-874e-b084d19db850,Frederica Ruscoe,Female
d1a0d4bf-23f5-485f-b86c-6f42759058ec,Albertine Yates,Female
6f8d64f8-7561-4c3c-883c-bb0baec8381d,Sarine Sperling,Female
5b2b78e0-5973-4c86-813d-72de8194ddd8,Joline Briatt,Female
1dfd7acf-7cfc-4507-bd83-cb7081be45ce,Howard Edmenson,Male
2dea46d7-d87f-48cb-a957-376b2cef6fe1,Kyle Schuricht,Female
92dc27e7-6215-4798-bd17-ce13f5de70ae,Jeannie Doody,Female
5dc5c9f3-e293-4956-b6f5-db47a13eca18,Rosina Alston,Female
ebb63d77-cdf6-45cb-994b-750e94555875,Ree Legh,Agender
eb8d15c3-8a79-49a5-9cc7-b6b69fd5ca5e,Hersch Faiers,Male
f97f0054-6aec-4d9b-9487-acd5dccfafe8,Adelice Yeude,Female
92cb2426-d987-4208-b1b7-06c28602f821,Lara Bawcock,Female
33582c8d-c64b-41e9-a7b6-36860858b3d1,Daveta Gueste,Female
e39c6e2f-23cd-401b-9603-6c1c90b55c51,Almire Mercik,Female
262f17e5-a1fb-447f-8f7f-cd7097dfa7cc,Renado Trask,Male
a4813725-40dc-4be8-8286-2e67be9c988d,Andie Ranshaw,Female
34ba89e0-f9c0-4e5a-b063-6ce38b649a28,Aurelie Dickings,Female
5382f236-2907-42d8-ad42-5530b6038d26,Lawrence Winskill,Male
5d641d0d-cd73-4673-aa1d-a7db90c3230f,Carolee Harpham,Agender
fe3d544f-727f-468f-a478-f3331a9889a0,Ham Tieraney,Male
696cc865-c67d-4061-8d31-e88d4f0eb970,Alberta Avery,Female
4fd0a1a3-3c44-40a9-9ef9-efc915c51ac4,Tracey Han,Female
0000edf7-0970-46df-b53a-4191131c3f05,Dionisio Vanelli,Male
54e78d4e-6032-40d1-8e27-e71652714d54,Marigold Broome,Female
974d39cf-69cd-4a7f-bbe8-71cdd8b37c8d,Arda Sarjant,Female
2e5b5480-8e45-4de6-8789-35f63515f2f1,Orbadiah Orwin,Male
f89a32f0-d43d-4d7b-9a6e-46c1d1897aec,Myriam McGuiney,Female
55205765-e1a2-4559-a797-72577b4ad185,Reinwald Barme,Male
0729e05e-ff13-4b83-bf07-b55f1a03ebe7,Milty Haimes,Male
92fd98ca-a90d-4aa9-98aa-0c8626ff3b0d,Karlik Schulke,Male
c61de436-e0d2-4c8a-a422-9507253a61b2,Elsi Critchley,Female
7efaaf46-04fd-4eb5-882b-6b34c5b4b019,Elyse Poluzzi,Non-binary
c48cb050-fb88-4142-b455-586877e05f7f,Madison Hannam,Male
88c1df46-b4ad-4403-b744-752f15183191,Estelle Barcke,Female
d484766b-8a1e-44f5-aeb8-f47cd99f2406,Stephanus Stansall,Male
79e742f7-d860-487e-8434-29d5b820e187,Vassili Flicker,Male
2a25d2ab-e05e-4add-ace3-427811a3e6d6,Conchita Bonnar,Female
3359a87a-6b8d-4d10-bac8-d0bf88603411,Hedvig Janowicz,Female
cea67887-619e-4f8f-8367-3846a48f9f4d,Hermie Pardi,Male
3017206c-8089-4bc2-bdb8-ab4f462ebbeb,Tatum Maleby,Female
358dd99c-8cd3-4ae3-879e-211c7a34df13,Sky Dillimore,Male
8af7d3a8-9dcf-4582-b8d5-63fa797bf2a7,Clay Jirsa,Male
4aae3188-efe5-4483-b435-9388b63dc8d8,Duffie Runham,Male
ad4e5c9d-40c1-4681-a102-606be34afe27,Alta Joynt,Agender
1a1b99a2-b0de-4598-8cfb-e54c19a9645a,Trstram Bortolomei,Male
dd431f97-d185-4fef-8b11-db5a92b2dc55,Alick Henbury,Male
6a008f60-67a2-4d8c-ac53-ddaa37c59dad,Iris Gerber,Female
a124e8ae-ae1e-45a2-937c-1f13563cb633,Dal Grabb,Male
580ebbda-b4a5-49c5-acae-4ccf0bf63b41,Arnie McLarens,Male
752c11de-4cd1-4e9b-810b-798051ee4f9d,Gib Tams,Male
d7524c78-a52c-482c-aeab-32bbf8b7eda5,Gill Caines,Male
b2b4249b-da5f-4d7d-8467-9f52db5105d7,Melli Jervois,Female
7c7b306d-c2de-4600-a6a5-8c11cbd35aec,Garv Cofax,Male
80da19dd-a947-47ae-8eb9-43ce1a8bf7a8,Minna Eddowis,Female
2a67b6bd-54dd-48ad-acac-58bb71e9432b,Berny Szachniewicz,Genderqueer
37a9e876-232f-4177-bacf-807897bc635f,Marji Gheorghie,Female
1d5eed6e-60fe-4984-bf08-02df420e7fb0,Asher Le Strange,Male
334afc37-e47b-4900-a9d9-2fddfd42d95f,Ardeen Wookey,Female
260e475b-3ad6-4175-a9fb-5bb5f892fbeb,Hube Mottini,Male
220f243c-ecd1-4f1a-b54e-2c354c4f968a,Frederique Carhart,Female
6cf724c3-1a67-4602-bb10-9da16bcc78fb,Jamal Greene,Male
b26dd866-96e0-4b64-9b5b-06c03d669127,Norbert Chrispin,Male
1a373646-239f-40a5-bdbd-d8f4eb24c8ca,Cammi Baud,Female
8e711dc7-c9c0-415f-afbd-bf03ed648261,Carlynn Tabary,Female
01c910ed-b36a-4535-966d-62a5f0beab13,Dot Apfel,Female
e54c759c-154c-40c8-bb9b-5f9c34fbd2b3,Evin Delucia,Male
b68ae904-3f68-4b0d-8377-a11e98b99421,Solomon Burgisi,Polygender
eef64b70-ff18-441b-aedf-7b6930da9166,Orlan Pashler,Male
481e522a-8b5f-4ff0-835a-15d2f5d3dcbf,Vernor Dow,Male
7ee0b006-7020-473a-8abe-d6c6e687d323,Ezechiel Stayte,Male
27ee24e8-fee5-4330-875b-c99ad2477ef2,Obidiah Wallen,Male
d5847c29-720d-4a33-bdc1-b8818dffcc21,Allegra Casham,Female
c57e43df-249c-4bb3-876e-3a4c938d03c0,Juli Cancott,Female
733d9d20-7bd0-4dc1-92f3-3a0d8b22c2c2,Von Kime,Male
d6156dde-ee58-49dd-803d-054491cd7dff,Noble Ioan,Male
de3fca4c-954a-49f0-ba35-34777a8f249a,Jeffie Dundredge,Male
f505b75e-8d53-40da-97a2-581009a2b9db,Katie Van der Velde,Female
3d86f7d1-ff9b-403b-9322-f274ddb5f240,Devland Celier,Male
1c347751-e17c-46d7-85e2-2aa808b53b57,Rog Aylin,Male
72c4a0e2-c7fa-455a-9857-b007cfb7c2d3,Lucien Aylward,Male
00805bcb-1e27-4044-a256-1aa277c76705,Retha Palatino,Female
4871fbc1-9f1d-4fa5-9426-7fe0dabc04e7,Anson Dudgeon,Male
cac32105-803f-4352-a65f-45801f3d7ec2,Kyrstin Jerke,Non-binary
39fba3dd-b170-4bee-8c81-9377a5aef8ce,Lexine Huske,Female
176d1c5e-36c9-48a3-8ced-0bdbdbe8f728,Jule Readman,Male
ba249efd-3197-4053-9c82-023cefb6b71c,Louie Jakobsson,Polygender
e7ae209c-71ff-472a-bcfc-479a1920555b,Orel Bulmer,Female
bbc5ddfa-99d2-4510-97e4-57d7f9b834e5,Feodora Gillebert,Female
b60297f2-b7c7-441e-bdf9-d5c978120413,Giana Wrightam,Female
3a092a15-3ce8-472a-b477-8667ea47a07a,Carmina Keir,Female
a3352a2d-8752-4403-a519-f0fc2f5a0da6,Blake Petticrow,Male
ed55f282-c3a6-4b9e-bea4-77b95e542935,Asa Roche,Male
ae51c759-f318-4f02-bc6e-fd3666db2da0,Miquela Lenden,Female
efb9c203-e74f-4798-9ccc-33a8f08f6672,Lucila Chin,Female
e90c0ee0-2023-42a3-98ce-65a102f61330,Brande Gethins,Female
9af0de03-c853-4512-9f35-31ac17529550,Raviv Maleham,Male
ec95a802-40b3-4b6f-9d9f-39f50414051b,Giacobo Sey,Male
3d9e439b-76dd-466b-9436-d26ffd71f1a5,Terence Banton,Male
e612816f-7b47-4b48-916b-01e099b98ced,Horatio Burger,Male
3914ab86-1179-4a6a-ac43-efe64ecd992b,Consuelo Shattock,Female
3ea6b633-f5a7-4847-ad7a-7d0f0708eb39,Darrel Emptage,Male
3ca86ec8-243b-453b-82bd-0287b01ec2b8,Eddie Jephcott,Female
fbcaba2b-5585-42e2-8bc6-5973f6c84437,Temp McIlenna,Male
bd9196d6-da7a-421c-bc07-88b6b11c1ad1,Greer Duffan,Female
fd09cf84-25ac-483a-b880-0312c4f19a26,Iago Duffan,Male
7245ef6f-11fb-4e28-9fa0-cb81452fce7a,Belinda Derell,Female
b71c7779-0cb3-44b8-9d2c-bb826df949c7,Fransisco Stener,Male
4abad0fe-82e9-435f-b397-60d01486adb3,Freida Newlands,Female
1e19fb63-a1ec-4368-9251-a3bf041c66e2,Jedidiah Leivesley,Male
b0a67f8a-dc38-4fcc-9826-8047470f81d7,Roldan Prandini,Male
3aeb1700-7f27-47d1-9548-d36a33ba5cd5,Lizzie Dashkovich,Female
038a6a0f-29ee-4946-ae3e-488bba2b92be,Tedra Titford,Non-binary
c965300e-1cda-4b22-a9eb-979dd2c34bd7,Beverley Medcalfe,Female
58bf9beb-8203-4aab-83a0-6aa2b951ffb1,Buddie Foucar,Male
6a06860a-eef9-4b97-835c-05cb80164d55,Ernesta Ibbott,Female
69732f80-d14a-47ae-960d-67461f67dc23,Lorianna Barg,Female
69030a49-937f-4e5a-9b48-16cd68511126,Lurleen Birtley,Female
cf93ce6c-89ee-4c38-9696-8923f9a620a0,Karlotte Diggles,Non-binary
28dfb56d-b2a4-400a-9c2c-e72e0a076cd0,Nate Enrigo,Male
0d8728d9-e15d-485f-a1b5-5b3c1432f661,Hildagard Haime,Female
0692f7a7-771b-42f5-b739-60087a4e1aec,Zelig Rycroft,Male
d3f8a111-38ec-4ed6-9974-0c68f840c037,Marilyn Brakespear,Female
c4bff618-f095-49eb-aad1-f5f61be6268f,Jenica Petworth,Female
a333980f-b975-4f59-8c1f-8cf3f4cf71f5,Obadias Hebdon,Male
6dec8573-fc03-430c-b33e-b0a92db89f81,Gasper Robilliard,Male
82cd3d5c-718d-4868-bff7-f95495053888,Kareem Aucock,Male
260ae9d2-1dd8-4c87-9962-f52a9dde50c2,Ferd Hrachovec,Male
a0dbdb73-a1e8-40bb-8f6f-62ee4bb90b2d,Nahum Marquis,Male
418653d5-487b-47ac-80df-193d40929b78,Rozalin Kisby,Female
4ee67e38-a833-44c9-8ea5-d9ed9adf39dd,Brent Brothwood,Male
c7cbb606-ff0b-4e61-acf7-30bde32e36fd,Goddard Pensom,Male
9c4aed34-90d4-44c2-a3be-d06cc84a677c,Leighton Rowcastle,Male
023c4639-0b35-4eb8-bf5d-f0c1044d3314,Sol Powrie,Male
3eedc2c1-0dab-4380-9a57-be40a582809c,Yasmin Vina,Female
17ab6b4c-a352-49cc-8f5b-f5b80034775d,Gustave Greeveson,Male
799e15ab-ece4-4990-b36f-92b1d7bee3de,Chicky MacTrusty,Male
14ff03f0-ca85-4221-a208-894f340e14d1,Crysta Canedo,Female
eb44ae66-94c8-4161-8572-898e8bc9acdf,Ferne Pfeiffer,Female
4fa204ee-74e6-4fa6-9d77-2d333c19749d,Emmott Yarrell,Male
d2c6341e-3474-4585-b1f8-77b8bd0be0d0,Welby Children,Polygender
259d36d0-62d5-4346-aeb6-fe4ce3f78529,Mart Heppenspall,Male
dbafb8fc-7e48-4c0b-832f-badebd524d3f,Tani Bridgstock,Female
a5f77950-b04a-42ab-ade4-5a2d78aafee8,Jackie Hars,Non-binary
7b32e1e0-d422-4cd7-8601-008e6d063d88,Thor Kliemann,Male
1b9de471-3588-4c81-99e9-f838bfdfdda6,Gian Thornton-Dewhirst,Male
85d7eb47-f15e-4af2-99ff-d7827ecb4e93,Jennee Muggach,Female
1357718f-73e0-42d3-a633-ef47630fc0e3,Nowell Cushe,Male
d9cc7357-af37-4b87-ac7e-533d0b72bdaa,Cloe Ruspine,Female
60ca7ed4-c05b-4996-87d8-b07e9de8f438,Tresa Girk,Polygender
b59fd090-38d6-4d16-8b24-0414f838ea0a,Dory Gladhill,Male
99733d61-537f-489c-9a9f-f08e9a3ac4d8,Ethelyn Sawer,Female
3af05f10-07e7-4666-bbdc-e2953299c05c,Hunfredo Kubas,Male
4eaba302-baac-4bcb-a665-8a54974a48c4,Rebecca Deering,Female
9894cdec-faec-4363-a754-5d8269ba982a,Ranna Glison,Polygender
07aab05e-e16a-44d5-8607-0708794d767d,Grace Hearnden,Male
f79aafe3-c8ad-49bb-b343-ea783c8af06b,Ernesta Couche,Female
dec31566-052c-4b0a-9818-fd23dff6e19c,Tore Gomm,Male
7d28868e-fedb-4915-8d19-11d3f3b9cb12,Goldia Bezant,Female
81f773cc-461b-463a-b808-eb165e7875e3,Berke Barroux,Male
44fd83a6-08ec-4176-8416-a079e6a0d923,Saundra Gartland,Male
4eeec8cb-bce2-4286-89d5-8b43b24c20f6,Tobe Bridgstock,Female
c8021115-4116-4c9c-82fc-bcfe18e3d03f,Sherwood Miall,Male
cc6d8347-8e34-4df9-a0ed-4aacaa6b9378,Tobie Jeffray,Male
c2b662cc-b66d-4bb6-a07f-5e4c0cae9197,Bail Gibson,Male
be87b2b8-439d-4559-bf2f-88ef08c95da9,Helaina Dunseath,Non-binary
7a05eb97-22cc-4a37-8eea-faa7571c5d09,Zelda Deyes,Female
c2a30512-65f1-4838-91d1-af78386404c8,Ogdan Lynthal,Male
5704cf3c-7ffb-4d20-948d-3d8208c48b9d,Meriel Mundwell,Female
4d6831c3-745b-4e15-ac8a-02a31e57b935,Dillie Dilgarno,Male
10534354-54dc-4292-a4dc-a9ebf5139382,Jacquetta Brouard,Female
aa77df35-63b8-42da-8426-53d67a7e5a8d,Duff Kesey,Male
1df4d626-b56c-4824-ac90-f239bbbdcdad,Braden Olyff,Male
75f2107e-b564-4a0d-a32b-90fa5824a3e1,Daveen Formigli,Agender
3e4bc2f9-9e82-41c2-874c-06cf8671af83,Cherida Parmer,Female
b9819898-e75b-441d-b560-3bd60d0a292a,Sindee Crane,Female
fd80f324-1537-4490-b9c4-3859632ae4ae,Allyn Ramsier,Male
18a6d1e9-2188-4300-9d8f-c3843d0f4834,Jude Killingworth,Male
4a462f31-edfb-4733-bb10-8de904779a1b,Mauricio Kluge,Male
0190acd3-eb8d-4b1f-bad2-2c7caf8e887f,Alford Buckam,Male
80918a4d-5121-46d2-890c-60e470554640,Joey Wolvey,Male
59500fd1-5d84-4317-a533-20a6846d9d1b,Kimberli McKeowon,Female
2eac6f18-ceac-4e5d-bf8a-3e1c92ff3482,Cristine Foster-Smith,Genderqueer
55e2bd56-0c50-4d2a-bd42-0bcba4abbb6c,Ina Perrot,Female
d6fb224c-bdae-4286-9996-a9ebf5ad626e,Crawford Guillotin,Male
582c8252-17a6-475c-a1c9-93428010b73e,Dev Fynn,Male
1b1315a7-33f5-4d29-8796-16e12135ec55,Sallyanne Marley,Agender
5848b9c4-7b02-424e-a85f-cdab8f4d484c,Carroll Sabie,Male
d9c0bf1c-0d15-4b6a-8edc-53681592b873,Margaret Tolcher,Female
c640721c-d55f-4260-92bd-6c3c10343245,Wilma Gullyes,Female
3a2e905a-bc02-4ac4-a312-4ea99c8daa00,Conway Pieter,Male
5cfcbd22-9b8b-43a5-9778-c3a5b406e36e,Barnie Sailes,Male
9598b2cb-370a-4260-b7db-8dc3ee376ad6,Sinclair Kummerlowe,Male
1f13e2bf-9853-4186-a2f9-8bd4fde88691,Hardy Eubank,Male
44f7ab61-98a2-4b14-a69c-2501ea78d465,Consuela Bourgeois,Female
5dc66d89-47d0-48de-b305-2cb15504d4e3,Audy Wadforth,Bigender
f30e31df-797b-4529-a9f6-f61d5a7fe002,Victoria Langelay,Female
f0320d68-1270-47d5-8593-5047278e3351,Nickola Gladdolph,Male
3a9388f3-4e6b-444b-93ba-c8130124d46f,Lorilyn Chamberlaine,Female
91cfdc9a-4f92-400c-8e4d-395a8a77d390,Zondra Kenneford,Female
a088e0a4-188b-4e8d-86d7-f98583ce8063,Carol-jean Miche,Female
e3aed48e-ede0-456f-b8d8-24162dbad086,Maximilien Ygou,Male
3b64dbd2-48e8-42e7-9368-e7ec772db72e,Dov Riglar,Male
2744a153-a3db-4d84-a6f3-63a7f142534d,Deloria Fitzsimmons,Female
8d11ede7-fed9-4a6a-8ff3-76fc359c38d5,Dulci Fealty,Female
08f363ff-01d2-418c-96a4-13714a735a11,Cobbie Eschalette,Male
9bee2879-0ea0-4957-a678-7006f0d9dd2f,Garnette Maultby,Female
85bba98f-e723-4f58-b5c1-d5a2b5072164,Creighton Giovannelli,Male
209742e6-aae4-48af-9f82-dc479748b9ba,Idaline Bromet,Female
9b42368d-96c7-4898-b6c7-ac4f81748f89,Gavrielle Brussels,Female
8354cf56-3f1e-4531-a404-96d0e5fa29a8,Tedman Riche,Male
04758714-791a-480b-a8e0-28fef5f2b7b8,Charley Cordova,Male
796508e6-ed90-4b6d-b2ad-4b6551edc340,Leonhard Orford,Male
f5e2967f-8b3f-435f-8986-b80c7e9b79bd,Carlin Skentelbery,Bigender
2582eebb-e20f-476a-af28-68363ffd06c0,Amandie Brandenburg,Female
d3d8b662-ed6c-4902-a23c-42fa61530061,Sheba Dunkerley,Female
1e8ebff1-b14c-48a6-9bc1-1dffa0cf8870,Drucie Boodle,Female
d4b27b2f-c40f-4675-b786-9d5e399e2192,Quincey Willcock,Male
9427bef9-e54c-428a-b537-fc82a3145566,Karole Davioud,Female
0f57ae90-ef79-416f-a9a0-e3a1872c0954,Gail Houndsom,Female
c1a0582d-725e-4bf1-8a2d-d84f26469f76,Romy Smorthit,Female
462c7a7d-3ad4-4c5a-acda-06f3a6647fb8,Web Guillon,Male
0e93877b-2bf5-406a-99ad-092a3f31f7c3,Caprice Rishman,Bigender
98e8f883-e469-4c09-966f-84e318c14898,Erie Dahill,Male
cd7e4d10-9b8e-462c-baa2-92acde119408,Dede Rean,Female
838074a6-3cc4-48c9-9ad0-3f97c727d761,Ethyl Giannotti,Female
dff0276b-664a-46ac-ab29-36549b48fb7e,Willy Coleshill,Male
ed1b7a37-f259-4db3-8206-5a0adee2fe20,Vail Andrusov,Male
ff76ffce-c2f1-4aed-9890-39e8231e1fca,Toiboid MacTague,Male
26e0f3a4-fb1c-4599-bf11-ebeeab3e6fb7,Traci Sharman,Female
0c148887-7c01-494a-a526-4e42fcbefbee,Hilde Curley,Female
847cf933-d90a-46bc-bd50-133e4139d895,Alexander Pope,Male
eac16f71-e0f2-4fb1-a747-22a6436716da,Neville Bartelot,Male
05ce3424-0116-43c2-a828-c610ddd9a73f,Aylmer Brockest,Male
44c78f03-ff8a-43dd-9a10-b037477034e4,Saree Whittock,Genderqueer
fedaee51-26b2-4a0e-92e4-673d7f2fad43,Kaitlynn Heyward,Female
14f65114-d32e-49c5-be4a-7c8a1e77e699,Dominic Bools,Male
26062c8a-2e41-46f7-9e52-d32ee5df4fe3,Bert Hasnney,Female
bbde162a-6da1-4432-a32d-27f4a94baef0,Bea Pentony,Female
8cd48d7e-8ad5-4a2d-997f-32419828ee4a,Nevin Bresland,Male
ee7b915b-3a13-4580-8e21-5b5faacb623e,Orella Wilbud,Female
ca51c1c1-1c07-4628-8abe-a5746f03b951,Sawyer Prater,Male
4d51b3cc-9c26-48f1-a447-70c064c2557c,Sheilah Maxworthy,Female
b7f5b3f7-691f-4bca-a793-8e568390cc2c,Terencio Ambresin,Male
842ae613-7c8d-48aa-b121-1b1e62464e5d,Jocelin Anscombe,Female
0a5deafa-0035-44db-9504-6930a1b6a9b5,Lenard Sadat,Male
9d27b4d8-5fca-4ee5-85fa-dfa71eca5a44,Flem Craigmyle,Male
5dddd466-21b5-46cf-94b8-791339eabc0b,Sayres Beldam,Male
778b541a-d7b5-4b5c-8088-38ad4b3f158d,Findley Rodgman,Male
6716e335-2370-48e5-ba2a-17fa8a47d2a4,Gnni Norville,Female
ec0979b2-4266-4827-ab73-b1dd3ff76cf6,Durand Shipcott,Male
864601e5-1330-41c8-a938-da16f159a285,Valma Blagden,Female
4c5e6bcd-8674-4ea1-8f20-1b646fee56af,Jammie Cawthorn,Female
4828f2fc-80fa-4cd0-a581-68b8682c854a,Leta Etock,Female
f1cb6ea9-8fde-4847-b304-8818bf583305,Nada Gebhardt,Female
d4bc67e2-9fa4-45e5-8371-75f3cee40812,Stanislas MacDonell,Male
ed8e8c53-9aac-425e-ab34-218829700bac,Perceval MacCarrane,Male
4bc0af72-9753-45df-bf2f-c71aeb87673f,Bernetta McGillivray,Female
c7786cf3-e737-4e60-80e0-2298e78f6681,Shirlee Brinson,Female
d7c5a391-a315-4422-b4b5-7172f4be0e4d,Regine Dyerson,Female
370beafb-2eb0-4161-a547-61afb99e2186,Mattias Sarrell,Male
3eaf4124-366b-4d9a-9b53-42c7673d9e62,Case Donovin,Male
2aeabe78-c032-4d86-94cd-af6c5d5152bd,Pascale Gairdner,Male
43bf10e9-716e-4cc2-81de-47b406e62200,Quintin Shortin,Genderfluid
70422bee-3da6-413d-a277-e653fb02e4d2,Rasla Woolatt,Female
a60b850a-c6b6-4553-a5a6-7b789513beef,Rahel Shasnan,Female
b611f9db-3ce0-49cf-9ad6-d7e36709aac9,Kara Krikorian,Female
404e3034-1710-457a-8d63-49db896380a0,Barby Spaice,Female
ca2c4a7c-b6d5-4eda-bce9-31b33d71aeb7,Alley Gabbott,Male
c9f390d7-feb8-42ff-9c43-0c74a29b41d5,Gunther Blockwell,Male
9147952c-6274-4093-8f99-c870cb80816e,Erich Hardinge,Male
b33b0148-6ed8-4a19-ad4a-2a974c09f81a,Ivy MacLese,Female
d98259a8-ecf7-4016-a7e9-091e47fc1448,Ash Faustian,Male
501a72bf-64d8-409c-90e1-87f5deb4f808,Beaufort Cornew,Male
393d36cc-0fae-4083-8ef8-c25d7666a58c,Britt Longbothom,Male
6cb89047-ca0a-4c77-921e-7b33144562c4,Nert Gradly,Female
9cff274a-2cbd-4fb6-83c2-a212d4add904,Candi Lotwich,Female
62828a29-38bd-4729-aeef-6614cab676ef,Gayler Magog,Male
f00bd92c-e7dd-46ac-b5a7-0a16875c89f7,Waldo Thickens,Male
26bd5a77-84dd-4c94-9d11-adc6424947a6,Stanton Greest,Male
9496a947-dcf9-4eb0-913b-cc74b3cf698c,Jenni de Savery,Female
e6d309b0-b6c5-4801-8620-da331b85fbb2,Monroe Aldritt,Male
ac4377c7-b04d-4bf6-8009-85554abc13a5,Alika Mallan,Female
f099683c-fdcc-40dc-aa17-f52cf1fbeebb,Tades Liverock,Agender
b59c9cd7-9400-4bb0-942e-9d9413994b57,Rodrigo Ortell,Male
9587f3b5-9657-4f06-9212-8204e59941be,Bernardina Brumbye,Female
d85c6a59-a96d-4ec5-a456-f6479ebd38eb,Yetty Po,Female
ac81575e-925c-4ea3-80c1-e884289a684d,Wilt Ganter,Male
2531a7b8-600f-4f32-93da-7cb34037d0f8,Elston Ambrois,Male
6e65fb12-86da-439c-9b2d-710f65e7b0c3,Agustin Bulluck,Male
b5c9b537-220b-43bd-ba9d-0a8f57c7cedb,Ysabel Corbett,Female
a7cf3b82-430a-4c5e-b0ff-63bf65869f5c,Levin Bohills,Male
9547f966-4271-49f0-bdd2-9a5e7024b5c9,Shelton Thurborn,Male
f38b16d0-a067-4f3a-8653-08370238158b,Gabie Banfill,Male
9491f882-5a80-4645-ad1c-4c24861ad5a7,Flor Renzo,Female
0adc0519-3c25-4932-80c5-4703ad992271,Mae Kubicek,Genderfluid
c8cfa91c-f9e4-44e9-a9b6-3e124336668f,Birgitta Alcide,Female
dd6dfef3-5697-4983-a685-e95449f3853d,Torrie Jindrich,Female
8dd81eb6-a35d-4a66-bcf8-e9e90e56a142,Jourdan Strange,Bigender
635c8177-09dd-43f3-9764-7f6fe972546b,Albie Brinklow,Male
02d35acc-cc04-4419-b509-c319fe1cfb57,Beverlie Hartburn,Female
e7febda2-d76c-498d-ba86-e82df05cf628,Karla Dunham,Female
02b5ab76-2965-4701-89db-5c8ded250b33,Ailsun Crinion,Female
85b9868d-4808-4b1d-bf12-a3bc77c62558,Keelby Morffew,Male
fcfaf9cd-76e5-4b4a-b51e-7685ff6fb4d9,Corry Martt,Female
3c2bbc02-c738-4dcc-bfd5-75a26844323e,Fin Stebbing,Male
fd5b70ba-71fa-4da0-8af8-9f1d14d0f3ab,Joletta Mattaus,Female
c78a8217-e14a-4208-84c4-322a60a49828,Colin Ballinghall,Male
d96b97af-6349-48a7-8de0-eeaf75205fb6,Gaelan Lauritsen,Male
32d6b4e1-4822-49bb-a731-a2fa48f320a8,Vite Aaronson,Male
f7f74e9f-723c-4702-b564-805fb04eae00,Farleigh Michelin,Male
5071b027-c634-45ba-8274-0f85e5e34548,Bunny Murrie,Polygender
f0717973-218f-4854-88d2-ee0b918cb6cc,Laurena Lorent,Female
7b9bb2e6-495c-49b9-aed8-1d89dcc571d3,Godard Golson,Male
745b3bc2-5189-473d-93c4-5808d0174bc8,Nonna Marlin,Female
01a6154a-99a5-4882-9e2d-b497af08a4dc,Cloe Epinay,Female
f93849cb-ce30-4347-bec4-8c60349c9ac0,Stephenie Kupka,Female
06d1590d-4730-4ff0-81ed-c51ada0d4414,Jed Vedmore,Male
88055d6e-4679-46b0-8a57-fbd39a5db04b,Gery Vynoll,Male
06bc5443-95a6-4eb1-9f13-38eb9f8c3cf7,Fleur Turmell,Female
a4777e8b-4175-407a-82bc-739dcf16de3d,Isobel MacKibbon,Female
83837ca7-c5a4-452b-8cc9-21a1140f94fc,Bertine Gras,Female
475d40a0-01c5-4e8e-a2dc-f3dc06a9684f,Devland Giordano,Male
57a234f7-3784-4a01-92ac-61ce74cabd7e,Wynne Gylle,Female
db1c9dbd-1dd8-47a0-ae75-c4b36c587498,Elston McParlin,Male
db97f6bb-b9a5-42d6-927b-f0b1d46f3e85,Wenonah Vicioso,Female
3e160182-5811-490c-8235-5c6143b91c87,Waldon Blythe,Male
2cd1c4fd-db6d-4744-9b39-0227d7e72ca0,Frankie Pringuer,Male
877cb6d4-7fb4-44b1-bd37-5b343336e631,Wallis Klimek,Male
4526b74b-c8f4-491a-aab4-a2ff447e8499,Leland Dean,Female
3f538b51-94b9-49ff-97ef-6fe651e99f55,Jereme Guyton,Male
b15d6d89-da3d-4f6e-babe-e70b658edf79,Alyse Drakers,Female
f7408176-d9a4-4fb0-8ac6-1efc31726c0e,Blake Lambertazzi,Bigender
e47e1645-b33c-4da7-96b2-f84f610cdb80,Phelia Gristwood,Female
6c79bd1e-6589-4098-bee6-e8cdde3a984c,Bran Gage,Male
73267deb-6fd7-4dad-922e-4b68328148bb,Pinchas Woodrup,Male
3c9af2d0-eaee-4a04-bd63-3898a3e498be,Huberto Gasnell,Genderqueer
d71b9909-5b46-468b-8631-7e864ae65e03,Rudolph Kynder,Male
6a123f2b-9a89-47b6-8cad-10de101e5794,Darla Regina,Female
a5782e1b-af72-4e08-9379-115c12a50679,Park Skeene,Male
484f63eb-d130-4fc0-a7d9-09fd9f61c14e,Goldia Yushankin,Female
110638fa-c707-4bd6-82d8-1af650807b9e,Olympie Buten,Female
3fa4e733-2e50-4eda-bc22-df7d3e27cf3a,Sidoney Jeenes,Female
9c9b2549-3981-4fd7-a526-caf5f1901f6a,Marietta Klazenga,Non-binary
54ee5dd3-3a8a-4547-a542-20b39c12d72c,Alexandre Haslock,Male
79fc131b-33f4-426c-aad6-9e87f5fc7cfc,Timothee Treneman,Male
3f1ea97b-8d71-4d67-843d-e73e0223a4be,Haze Babonau,Male
d0dabbcd-5e64-4708-bf6e-d9d581653a9c,Philippine Oldridge,Female
950e5785-88eb-442e-90ad-147babb5be2c,Hunt Cannam,Male
9c2e9463-a030-412d-b8fd-ef1890a86d55,Mei Ervin,Female
fde88770-6a77-4656-b12e-8e0d19391b79,Koenraad Estick,Male
eab7a20d-10f4-4baa-8f50-dd04339a67c2,Cayla Skydall,Female
93875552-afd7-4ee0-8b0f-2c4898db4e76,Tracey Stanway,Female
056b596e-ab00-4fb1-8d86-7704c1226242,Jermain McKearnen,Male
e865ebfd-380d-4a7f-9df7-11ee2f7b5f28,Mariska Brain,Female
b9e3f988-962e-4a75-90fe-977268f2233c,Guthry Wyant,Non-binary
aa6db113-eedb-4e12-8b89-5d913b29ccd0,Ruthi Timoney,Genderfluid
6ec35bff-42a3-4b2c-b61c-b635cbc5f323,Damita Birtwisle,Female
4e65c9ff-0b7f-45f9-a100-b265970f6237,Rory Di Biagio,Female
9756c028-8f52-47f4-aba1-43985cb7c9c4,Francyne Tatlowe,Female
c87f33df-a749-4a46-9689-5504a44ccbb0,Lavinia Hiley,Non-binary
3931b077-63bc-4072-b5a1-73b8aaa0e055,Joshuah Britland,Male
01eb8372-4f4e-4bb7-a9cc-fd75becdb82b,Sutherland Canty,Male
63bb1c01-83b8-447d-8bff-b9adfeac5eff,Dilly Stealfox,Male
71250b4a-8756-4bb0-a9f3-d25ed156c97b,Daloris Decroix,Female
9b1df410-5e55-471b-ab3d-f68b96f63226,Yancy Dumblton,Male
a93573a8-f2f8-467f-884b-38b92133ffd0,Tobiah Money,Male
f9ae2145-c853-4130-9d42-62d4299d9022,Alissa Utting,Female
deb9d422-6792-4d1d-b3fb-cfd298dab900,Cecily Krzysztofiak,Female
bcc3edc5-3e4e-47bc-8eb4-faa64db021c1,Wiley Leebeter,Male
5e4f89a1-cc2b-4ba9-bd46-479b18ce9337,Fabien Filler,Polygender
d8893e2e-e708-40d1-96b7-30c71dbcf4ee,Pier Medling,Female
f7d6750f-bc1d-4278-95f8-ac870bcd9fbd,Elisha Jepp,Male
3d0635fe-e6cf-41cd-983f-2ab7f78059f0,Pierre Satch,Male
c539b1f1-8d97-4451-bd0b-9f889f408378,Delinda Shoebottom,Female
0f8af3ea-df46-48d7-9ca4-77b3f80125e9,Bevan Lardnar,Non-binary
23161278-87ea-40eb-99d0-d516f2360654,Karlens Spaughton,Agender
7cb0ac1d-0e48-4095-beee-d3c31b11f696,Jamesy Charlewood,Male
9d3e6b76-f110-4d38-9e4c-85226aa9ab08,Bell Niblock,Female
3aa12dcf-2cff-49e4-be60-801581aa19f5,Clyde Thrush,Male
6ad39233-e072-48f6-873c-8a75119a8219,Antonina Eblein,Female
27292a5f-fcc2-4400-9ff0-f8091a6c198d,Ronald Heather,Male
0312de4c-0e00-4031-bd7f-8e1b13dbfbfb,Rodolph Rodolphe,Male
c9c19036-ee57-4783-af2f-0eab4d6846d5,Archibaldo Smillie,Male
7a1046c8-835f-466e-b960-dd150361fdcc,Rockie Pichan,Male
8dde85bf-93d8-47ab-ae84-de9763af8e1c,Allys Clappison,Female
af0a9b22-869a-484f-9906-3e317bdc3ada,Leroi McComb,Male
6145a352-24bb-484a-890d-df01fa09a775,Wynne O'Ruane,Non-binary
018e9a07-78d2-4663-ac02-251a2b39420a,Constantia Ashley,Female
ff135325-0826-47cc-b858-3b739f971f35,Gordan Axworthy,Male
d9b3e622-6908-4a2f-b995-34f2814b093c,Kelvin Growcott,Male
fa01f2af-2dc7-474c-9406-09b89a19dc1a,Morganica Masic,Genderfluid
b0fa7204-bb87-4ad6-9514-e1604101cb49,Arleen Pretty,Female
441773b2-fd0f-4410-b709-427925d674ee,Salomon Lillico,Male
1d0f6599-3add-407d-829b-6f3949539088,Bridie Licas,Female
21967177-2922-4963-96ba-e1fae52cb702,Marieann Porteous,Female
8af2c832-17be-41e9-91a4-b4273a4f465e,Louisette Wane,Female
f2baa44c-f60c-442a-81e1-62a0626158fd,Addison Takkos,Male
31a3c737-1a07-43ae-804d-b107e85006c5,Ally Surmeyer,Female
0dc90611-6c79-4d44-a43e-a46775b4c395,Ermin Casin,Male
8de5761a-1990-4877-bd2a-41d07983275a,Lira Delhanty,Female
385832e2-5336-4e32-8178-a654f559bc3a,Ban Shepeard,Male
d424e66d-87ed-4d08-950a-1e52e40c8526,Tasia Franceschino,Female
f2b53fd1-d9b3-4aa2-b89e-b8c0728b3dd4,Irwinn Kenzie,Bigender
bbce3971-ba0f-46ff-a964-fce41bca096b,Claudius McCorrie,Male
228c5949-0474-4a0b-a495-5e33812c74b1,Jourdan Whenham,Female
86173493-9e7c-4852-a787-200e8df6d9f5,Mabelle Shippard,Female
6b7d795e-bd87-4937-abe7-5f87d5c85a93,Muhammad Edwardson,Agender
1f1b5eeb-dc92-4c27-8740-ee88372f55ed,Hoebart Vasiliev,Non-binary
3c5800e2-d4a8-4376-9455-217192bce550,Cathie MacGilmartin,Female
5d99eb80-d7f9-4fd6-b2a7-e78acfba87a0,Kilian Simanek,Male
bab02670-c0b6-45c2-869d-4637b56b93b4,Katlin Roantree,Female
c2040cc8-f931-47b4-8311-5b375c4802d2,Bernice Jumel,Female
33f3e068-91aa-4ec4-bf71-8fd756cc4fba,Vinnie D'Emanuele,Male
1be5c9d4-ca11-4b1e-b9f6-e2e767b10384,Kassie Shoulder,Female
b6b2eeea-5240-49d7-9b32-0212a38f51cb,Roobbie MacArdle,Genderqueer
91de0f57-284a-4f16-ae6c-d47a9b6abc2c,Brandtr Ziemsen,Male
41408427-3c7a-42f9-9f49-30c038aae76e,Aarika Coling,Female
016518e1-79de-4939-b56a-16aae2a8a751,Adel Brazear,Female
128d9109-bfac-4c17-ab6c-52866470aade,Nellie Moraleda,Female
707b0253-3b82-44d5-bacb-282e763756f6,Ware Sharpling,Male
d71fa785-c8b0-4f01-b305-0a574a74ae10,Britta Gethings,Female
7fa81cce-1fec-43a4-8ec5-cc0599c94bbe,Olenolin Axton,Male
37d446a1-dc43-4436-9ec3-3c63e7d55450,Othilie Meininking,Female
c4b55d18-a945-4ed4-b3ff-37eced9284a0,Jeffie Mainds,Male
ef3c6811-3fe2-4e76-b646-806d10e91164,Domenic Simecek,Male
1656f1fd-fbd8-4f5b-a55a-497c489d8332,Stavro McCormack,Male
0c592385-d5e7-477a-979b-bc6991698af9,Gabriel Fearon,Female
b026dae7-bb4a-4692-b920-25c7464ac55a,Marika Navarro,Female
11556c15-7d18-4a7b-8af4-2d62dde25f33,Lorant McGavin,Male
f424ad69-188d-4b0f-a3a4-d17a43f5401f,Antoinette Coit,Female
71c301ef-5c9a-4bb1-9680-40a989fc594e,Rouvin Ethridge,Polygender
0c49fd31-e8be-4cd5-b122-31970dacfa53,Carry Cescoti,Female
9f73f729-25bd-4dcd-aa70-c277933662fc,Jasper Toman,Male
8df6c708-151c-4f2b-b65a-9968a6d9d1b3,Rodi Chaters,Female
07d6e617-ab71-4558-a55d-65683307fbf2,Andros Whiskerd,Male
b06d8207-6690-49c0-b7d8-b9bb7203ad1a,Guglielma Girodon,Female
b4d9d737-d253-49ce-986a-200db6a3db02,Maurise Stelli,Female
ae4eeabf-0a8a-4a40-8fe7-615565d09c8f,Nicolais Duncklee,Male
46380268-8560-48fb-a2f3-c3b4b251d543,Clareta Daines,Female
4686cec9-b333-471f-b71e-cf8b9474c91a,Jorgan Shorton,Male
cf0fb926-a3ce-4128-9be6-66a5b1f964e3,Tobiah Spileman,Male
a0280fe5-47a8-4e61-a86b-ff0ba017e06e,Corty Maletratt,Male
7fb869a2-373e-4984-8755-110a1448656e,Roseanne Oen,Female
8e64f6e2-4e22-495d-8e4a-ed272870ef27,Noell Codd,Female
12ebd1af-38d2-4b64-ac91-73ab1c7f30f0,Stacey Goodbarr,Female
a35bd4c3-3046-4d43-91a2-006a93313b85,Ilysa Myrick,Female
ee2c6cc4-f04a-4a15-970b-45a1a4cec6ad,Catlaina Merwede,Genderfluid
a203589d-85e3-4fbf-b535-15bb69846919,Lorena Burchnall,Female
25b8603b-f792-4ec5-81cf-0eff2d815a40,Lenard Snell,Male
3f0c555f-1afc-4ef4-8805-0c0b26cff91f,Darill Yurchishin,Male
c5939cb2-58dc-492b-a56b-059932ca8f05,Gilles Waber,Male
20c94376-5876-44c5-98d7-25b678453454,Ricca Dawidowicz,Female
eeb773e9-d183-4dfb-af90-22ea586a8a7c,Hedy Abrahart,Genderqueer
36f1e7cf-774f-4ba6-99b7-dde4a4a63a53,Eydie Cuttler,Female
6d07fa36-1048-43fc-ae64-b46ae5d76a5c,Jeannine Shelliday,Female
387e9780-24af-4281-8f5e-e9be829608c2,Petey Crutchley,Male
f6c4237a-26d8-4294-b2f8-1a674a0994ab,Ardis Richfield,Female
a56b9c3f-6872-4842-bb89-9259a574e67c,Avie Hollow,Female
5f6c60c2-23e8-4934-bb16-145178832f34,Daphne Tebb,Female
5dad4005-5d15-4d6b-b0e2-39c1bb66eeaa,Pren Chaves,Polygender
8697518d-502e-414e-a0a5-068e3c2fde86,Kerianne Gerdts,Female
aa51e1e6-c3c7-454e-afd3-80674aadc9b2,Amil Maryan,Female
72168658-58c5-45c6-838a-c66666a8d5b9,Lorrie Allchorne,Male
f2b94428-9267-4b9b-8685-dbd74a41fd06,Tillie Mandre,Female
503e220e-c710-437f-bba6-449a1a6a5fca,Itch Hasloch,Male
432fea3f-b4a4-4379-85b7-b8f3e309732d,Noby Cosford,Male
bfe7a8cb-6705-480c-a162-8d509ab14366,Gaylord Wellum,Male
8a1268be-9814-44ac-a8d4-82257cac9c82,Bobina Dun,Female
5b68b3c0-2530-41c1-bfb6-2722b90800e8,Tamera Arbuckle,Female
efe582cb-2f83-410c-867c-568d61bed21f,Vincent Scouller,Male
e771a91c-57a6-4765-adb1-1348aaed6806,Vivianna Exelby,Female
d3bd75ca-476d-473c-b218-5dca5d8c79e7,Alphard Stollwerk,Male
ffa99c28-6a56-459d-ac80-32dd05252987,Aurelie Beach,Female
21c1f530-a0e7-43f0-9a61-044c52798932,Bruce Mintoff,Male
0071561b-19b8-4c17-8284-db9596dcf740,Verney Elecum,Male
f5bbf250-0402-4ecf-870c-250e29b4ecef,Sigfrid Darque,Male
76b2789b-a9e2-4884-9859-8af6751c7f14,Henry Moggie,Male
0e361496-c020-424e-b3c3-3936fdae80c2,Elia Drewett,Male
fc440cfd-99c5-4373-b0d5-888b33e4e188,Luciana Colisbe,Female
b789d1ab-a8cf-4dfb-8668-5ec040f6c822,Alfy Pennino,Male
ba8fd705-c3be-4c32-b182-558f07ec817f,Mahmud Gilbard,Male
aee96c95-e887-47ff-89cf-2faaf3e6112c,Kerwin Renouf,Male
c1928dee-9247-4d8f-91ab-3a90ad2b5f42,Nonna Nuzzti,Female
6ff96220-502d-41bd-83cb-4985019f164a,Donna Bounde,Female
45250920-d42f-4063-8a61-ac5fd90b50b4,Raoul Riedel,Male
8681535b-2049-4041-a425-78831812ef27,Marven Gerretsen,Male
d4cc1f32-6eeb-4334-8b8a-3076a01b453c,Myron Oag,Male
45189561-f458-45da-91ed-690b760982be,Dolores Birtwisle,Female
345ccb90-d9fe-4d8b-bceb-12b9428958e3,Angil Dymick,Female
602419ae-92f3-4086-8fb4-3505fdc824d6,Engracia Colkett,Female
ff8dbb60-8535-476b-8fab-9f3cca1c7980,Ulick Midden,Male
e3a0298b-5f70-42aa-a4de-627f98aaa8f5,Victoir Fer,Male
2e0657af-9850-48d1-ac91-3c4cb27a606b,Obadias Bangiard,Male
39548cfe-115a-4fbb-a362-3ba93567f4f8,Jacky Orhtmann,Female
203287f5-5679-4a26-9890-0f5272e7acb7,Ennis Laidlaw,Male
ca84a5df-298d-4251-aa4a-ec4f6d722fb3,Roderic Beaney,Male
78eb220f-fe38-40ac-a491-50056cbfed63,Arabele de'-Ancy Willis,Female
01ab1343-fa52-4b2a-9c91-5cddc7d93587,Kerstin Bank,Female
19d75a81-90d1-4c37-bf28-c85bfca14775,Veronika Bassindale,Female
c6d8afb2-8e05-4bc8-ae7b-d815563442ae,Chelsy Folkerd,Female
8479f7e2-e047-48d0-acae-61eeb2deaf8f,Fanchette Parfrey,Female
68b2a702-e7b6-4cb5-af32-26a747fd5cc3,Urbain Jowett,Male
df780b4d-7c51-4f06-bfbf-5c6a4085d6d3,Herculie MacKniely,Male
5d75144d-9a99-4691-b911-eedfc6d90acc,Theda Stiebler,Female
7f8aa593-5eea-490e-a15f-d22312bcd60b,Warner Swales,Genderfluid
ffb0a372-5088-42b8-8870-30dff45d9ec9,Lori Aronowicz,Female
25de11c5-b5c5-4255-bb67-6450c5d0ff3b,Lyndsie Voas,Female
0b019ad8-41ed-4504-9b9d-ebda28b49aed,Lonnie Ryce,Female
997db3fe-6573-46a5-9f95-d1ee5a4e5bf6,Gerrie Balcers,Male
99e48630-ea29-4d10-a6a3-3a535a5f6758,Abagael Yele,Female
36276a30-4c37-42d4-8868-3be4188eada6,Julita Rowantree,Female
eee78f27-e830-4fb9-b1a6-d0b0bc4df7bf,Bidget Boffin,Female
88a76bd5-9f6a-439b-8ca7-8d66429b0abe,Nathanil Treasure,Male
57c483b2-2f86-4e5c-9988-42c92d0affe6,Dorelle Gosselin,Female
73e52f39-b84e-48cb-89a4-972581609349,Shane Francescuzzi,Female
ddf4bf39-f38f-4585-ac7d-3300179e49c2,Ermin Baltrushaitis,Male
ef7e4235-a443-43d1-b2f7-eef8e1d9b460,Pembroke Iglesias,Male
1cc5dc8d-55fb-4541-8ede-5a1b9b2b6884,Lanni Glaister,Female
ddfb9cbf-8ed2-4665-a093-fe213416ea77,Felicia Crinidge,Female
d38d14f5-9d61-4b57-ba8b-b686ad8c5c1a,Glendon Clayworth,Male
ae647e25-10af-47db-a189-097d307f8c0b,Joy Careswell,Female
adea609a-9466-45b9-a699-32adc1f19fbd,Skipton Knibb,Male
3eaf06c4-1b26-4dae-bbae-42458623160b,Olly Snoday,Female
d60ca7a9-61e8-4662-a6d0-c9cf88d91ca0,Danielle Soall,Female
bc2147e2-50b5-4f3d-a047-d2ad425af574,Willey Wyper,Male
4d5cc6c1-8e81-4e89-8d96-3203fd500e9a,Vasilis Kleinsmuntz,Male
6627ab13-71eb-42ef-8d0f-4eb452173fc6,Cara Mayworth,Female
561085a0-160f-4fa0-aae7-3e89b83f6e52,Faulkner Daniello,Male
70925c8e-a0a9-4249-9e52-31eedc595dd9,Zachariah Humbatch,Male
e70d7306-1670-4913-ad4b-f82b4395552a,Andrej Revan,Male
7f7dc68c-7386-44e7-9531-cc3db2d82fb2,Biddy Coey,Female
5c306eea-9098-4025-9c55-ad4f74ab158c,Regine Archbold,Female
41e44b35-d2de-4e0d-84ae-23b5976e895d,Annis Badham,Female
f2af853d-8edb-4db8-bdd0-d814e15fa33a,Vincent Silverthorn,Male
dbbb9f1c-d3f8-4d10-b35c-b6f225fb135e,Darwin Klampt,Male
83a1ce0c-0f03-46d5-9ff6-1bbd642e08b9,Rockey Auchterlony,Agender
262a7fc8-b7e9-41c9-851e-0c25c40064e2,Eugenia Dreinan,Female
064a924d-fc18-47f8-a7de-be13ddb7efb2,Sheena Schruyer,Female
99f27a27-0783-45f6-8740-635651fb7cf2,Patrizio Swadlen,Genderfluid
fb23adef-f3c2-47bf-b823-2b4bdc96d02c,Reinaldo Leates,Male
a437672d-0da4-43f6-b068-9ff82bf95f5a,Clemmie Momery,Female
666bfde7-0c10-41df-ac08-d0932ce62ee4,Toby Bonnick,Male
b5999f6d-d00c-4f27-9331-307e7d0d022f,Veronica Sarah,Female
db187737-3e7e-45af-812e-5fd197be27e3,Carly Durrance,Female
e8561eaa-e1e3-41b7-9848-bb2e0c7c88b6,Calv Wheowall,Male
7e64f86d-b149-4128-a1ef-932657d430f9,Marne Sotworth,Female
cbadd933-d6cb-46b5-bacd-2fed96dc0936,Magda Mitskevich,Female
215ab34b-e696-490d-b3d4-6026b48c6df1,Dre Dade,Female
0d3834d0-e794-4f5d-a7c4-667b62b0f607,Valentin Kleinplatz,Bigender
59bd759f-81d1-4f75-ac78-a23a89cc9d49,Trenton Packman,Male
0df9c167-cf82-4232-adf5-4b671922a116,Catherina Mileham,Female
9d6cae03-6316-47ae-9a4b-060cb025a80e,Devonna Eversley,Female
a0812546-3797-4884-983c-d0df45132d17,Linnie Grocott,Female
bec0c400-a6bf-4b5f-ab8e-ca5aa72d3f62,Ula Klimov,Female
e639bbca-84bc-42b7-a7cb-fc1ea7faaf09,Silvano Winship,Agender
9e22b46b-6ff5-4562-bf07-3938acabf2b0,Aggi Everard,Female
ca86ad9d-e756-483b-87d7-cc00b0ad53f0,Kenna Toxell,Female
a4f79a10-8b4f-46ff-b96e-3d6c4a8e2db1,Prue Sima,Female
6b69cf68-1372-411a-af7f-192f2cadcb0f,Brantley Scadding,Male
f76a0f08-e345-48f9-b2f5-9409c0c2bdc2,Teena Platt,Female
2f1c8aeb-59ac-4569-a12f-162e82d841cb,Derwin Triggs,Male
843f7c3c-5e89-4b28-99da-ef6e13353733,Barbaraanne Hugues,Female
f48b5181-5af6-4180-9536-9945df3d4208,Wallis Eley,Male
2221ad56-2d15-46b7-9116-c8f0dc42922b,Kathleen Rawle,Female
973003c2-b41e-44aa-b570-c5e0b49559d5,Marianna Andersch,Female
d7f1bbc7-4c98-46c0-b306-e93075ad4a15,Ardeen Artist,Female
5b4622d7-d739-4fee-9695-4025b546c50c,Creigh Stegers,Male
bbafce4c-de9e-4b5a-94e6-e8c4e1d01ea0,Broddie Blunsden,Male
d8a55a51-330b-4ce7-87f3-35b0d80baf73,Filberte Martschik,Male
53a48172-1f39-4040-8e80-dc02a28ffc76,Lanny Aronowicz,Female
7d1c9ec8-2392-4e20-a613-58df77b0dff3,Loydie Boord,Male
5e0bf542-9ffa-4225-be58-7e0f050a8e64,Barry Curston,Male
8a81dd27-9703-4c9d-b294-077ddc9a6a94,Meghan Barnsdale,Agender
4b7a07d7-cdd3-410a-9ff0-8fb1cef82bcd,Arney Eakin,Male
9105bed6-e611-45db-8e34-ad63cd11ed5e,Gradey Pareman,Male
00143aba-6e4d-476c-a00c-ca8891fa6003,Emalia Dullaghan,Female
cc6264a6-a7c7-4f6c-b2a6-88609c775128,Glen Danter,Male
627988ab-ac85-4c63-9698-1669b8034a08,Eugenius Mendenhall,Male
7dfa279c-b528-4153-ad9e-e6aed191f6ef,Carey Tumbridge,Male
c941a9c2-543d-45d1-855b-007ebd5bf01e,Reinaldos Scantleberry,Male
a7d435fa-52de-45ca-bd4d-4c83cc6c9a90,Merl Maken,Female
440e2e69-c28d-4e46-aa2a-9341bb7dc0d5,Fey Finnemore,Female
57f8b25c-b59d-4b8b-adf7-adfab2d96018,Derk Hockell,Male
6dcb0332-1ac2-40f9-a808-77dbd8f2d1a0,Cornelia Kinnach,Female
540d2e43-e217-4218-a5fb-2b68cdadd289,Rodrique Chaff,Male
183004d1-7524-4de1-8be6-d7c7fbab6123,Efrem Floris,Male
c330a75d-32f5-437d-a189-751ff51dbfdc,Isidoro Webermann,Male
bbcfaf83-6042-4933-bcbf-99c4fb4cdbb7,Susanna Tubby,Genderqueer
245f5eee-816f-42fb-979c-ee781ef7f3aa,Gar Winspire,Male
50a4b416-3c2c-4004-896b-3b257ab4d030,Brooks Arthurs,Female
ccbf858c-9603-4898-bb48-e432fb99fd73,Mason Bulfoot,Male
609d0cde-dc5f-4ab0-b219-d0820cd89c03,Dickie Oswald,Male
488aaf5d-089d-4483-9e13-53602ea1d60e,Ellerey Smedmore,Male
78d1d30a-5c1e-4fb2-a220-f7d2b10314c9,Dot Elington,Female
66e15a77-0dfa-4771-a675-90df4dd4bee2,Sergio Tallowin,Male
efe7a9b2-5a50-4b15-8c9d-cfe8c8184eac,Agosto Whiteson,Male
b05fa728-b1fd-4a58-9b09-732067219690,Una Gritton,Female
7172501f-ee1d-4276-89b4-0c7d19526963,Hermina Breckon,Female
d2f773f1-a52b-4648-860c-daaf900729ce,Tris Moquin,Male
e6084678-8c6e-48e1-aaa1-2e03b0073c99,Milo Arkil,Male
3303fced-3f8c-4d60-baf5-8961e1bf0525,Henri Pagan,Male
38382121-f672-403f-b58e-ae74ac17c463,Hercules Bromhead,Agender
d7d6689f-1b67-4900-a74f-6f8d8abf79e4,Holden Takkos,Male
4b1ae55a-a84e-417f-9042-b13236efab56,Lindon Siddon,Male
8bee1a1e-9311-419e-a518-877c1aba5653,Benedicta Fantini,Female
196c0148-77d2-4eda-8a7d-370c746ce0cd,Sansone Geroldo,Male
c09afd00-ed54-4b02-8399-7ce7bdefed70,Vin Ebenezer,Female
33a94b74-2f30-4709-83c5-a43225a2d9b0,Verne Skellen,Male
99fb76dd-fe4f-4702-bb1d-59e74e39630d,Sigmund Minchi,Male
4e9aebfd-ea6c-4ceb-a81d-35edf808ef33,Marshall Rishbrook,Male
b770218d-f5a4-4d4a-9a97-fc56c8664200,Renate Balog,Female
2f57e582-338a-4318-8b40-fbbc87169715,Tracey Cornilli,Genderqueer
80c8e75e-d787-4e8d-a464-8f8d6e06e95f,Delmore Slingsby,Male
ea5f0f54-d2c8-4f9a-9043-4ecd2eac4b17,Analise Brodbin,Female
5598b471-4a5a-48c3-a951-89447fb2b579,Mark Sarfass,Male
77463136-a3a2-4882-8469-dee9da59baad,Kaela Cohan,Female
723f9a00-f4e4-424f-95d7-7948509b98a0,Dell Lambie,Male
9d280050-28ac-443b-aeea-03103971a1b6,Paloma Reeman,Female
29123734-204a-4f38-9359-955fa24e9456,Nata Lessmare,Female
26bc69ad-a033-452e-8f0b-8b52149a6e25,Egon Rustedge,Polygender
bbda8353-d21f-41a0-8318-63f8d828315e,Simone Swanwick,Male
0cec602b-6301-4822-96a4-d641c050986a,Aeriel Vernazza,Female
9543a042-aa74-4134-aef8-dd9ea8ffc1d1,Blisse De Roos,Female
eac0adb1-bb99-41ca-a89f-cb90a05375c0,Estell Danilishin,Female
ea3f183b-0d57-44ce-a89b-6369ef187025,Libbie Gaythorpe,Bigender
77aba5d5-d9c8-41ea-a2f9-dcc1c1eda6fd,Cecilla Evert,Female
ff9498f7-fb10-487c-8a4e-1a3c1bac9226,Ailbert McNeigh,Male
9c5b80ec-fb31-4a70-bb05-90f27ab89972,Tabbatha Lanphere,Female
10ff1763-bfd2-4af5-b85e-70c0aeb6789e,Judd Hamshere,Male
110c6619-9cac-4e4f-b3e0-e5b0a1e8ae02,Crysta Fawcett,Female
3c5bed75-a7c0-4848-b61e-8381123cb8fc,Whitaker Commusso,Male
03750818-9a7d-498a-a7f3-63e884b314d6,Cristiano Oldman,Male
9cbc4038-78d8-4093-85d8-6fe2c4b676af,Kakalina Meany,Genderfluid
b4622509-32a2-4c8b-8d01-6e75c6bdb79d,Manolo Toth,Male
30e18014-4916-41f7-8dff-386e2cc35a3d,Jocelin Nangle,Female
fde24dc6-7927-4275-b52b-ef58491a0824,Leighton Goodluck,Male
7c4d0282-2817-498a-b497-237baf1a1238,Tris Tivenan,Male
a4898d45-8c46-4c42-a295-6c399ee58fef,Tris Longstaff,Genderfluid
f1303372-a761-45d6-b370-bdbc05743c93,Garwood Vina,Male
cf517446-b407-4828-8af9-d7e1af0198ef,Levin Leathart,Male
9e083cd8-7edb-4832-bcfa-386e32ea0960,Petr Endricci,Male
2e8bf06e-282e-470c-ab0a-9ae426333f63,Timothee Mongain,Male
1e6f9577-9e36-4613-8597-620a0f68dcf3,Gwenni Kasman,Female
e8c668ba-1f7b-4ecf-a286-d9dd55e7fcf7,Tiffany Hatch,Female
4f433d16-ad4c-43f4-b0fa-4e51c06a0d90,Agnese Habbin,Female
665fa2d1-deca-4378-a0a8-275e9713a88b,Delmor Meiner,Male
28d2b8c9-0e58-4c54-9722-3219cee21d3d,Pia Rumin,Female
34149c37-74d0-463e-b175-b8456d15b46e,Ethelyn Bessell,Female
ac39a1a5-279e-4e20-bea4-28cd631b28f8,Suzette Boys,Female
aaa83dda-5ecf-4c1e-a8a0-4b2761f1d2d3,Carley Lundon,Female
14340b02-79c2-4633-a82a-d4e8d138484a,Jess Noades,Female
2e562fdd-81f2-4ca1-90a0-87fb37b3b1be,Amabel Gilderoy,Female
41dc791c-d6b1-43cf-8acd-14598ae8e8b0,Burk Scorrer,Male
244ec8c0-ff20-48e2-b584-33b008178881,Reed Dicte,Male
74c362cd-95b0-4e10-a30c-e9ccedc47b7e,Jefferson Kimblin,Male
2df7ed1b-5bc8-4ce5-ac87-8e409fa5dc3a,Siffre Durdle,Male
df3635f2-1dba-4431-8d08-8ccc12c43730,Silvano Inold,Male
a5d436f4-f44a-404a-9216-875806fed6a3,Gertie Yakolev,Female
5555ab35-4290-4a34-87d9-e1de4abc67f4,Melitta Elecum,Agender
ae2bb738-9f20-45bb-a1e8-0f2015a1912e,Yoshi Ferran,Agender
4056ae38-b5a8-42b4-a975-0954826db6f3,Willie Dimanche,Agender
015b4b54-11e3-4a6b-b471-33a5b32e8a42,Fransisco Follows,Male
9930731e-6986-406f-b7c3-83dc42d350ab,Jonas Huggens,Male
d81171e7-5c46-4a98-9abf-39790b2f8727,Panchito Stuehmeyer,Male
6cc86135-d6f6-452d-b6fe-8f30e96b4f1d,Saxon Childrens,Male
6711fd84-4d7e-485f-acd6-5532d6a81ed7,Ingelbert Gudeman,Male
68e76096-42fb-440d-8d67-60b5e8ab9746,Damara Cain,Female
97df5eb7-4f44-4194-8207-d5832176b5a8,Archaimbaud Curley,Male
569ce9ce-bca8-4355-ba11-7664fde2efae,Jase Mancktelow,Male
7672c185-0d19-48fb-b381-a35ca47e9ff9,Blane Asquith,Male
f029dad9-bd12-4036-9fdc-951bafad9402,Tiebout Von Welldun,Male
dcc79ba2-02df-4c6c-aaac-0a5bb299916e,Terencio Coffee,Polygender
b20b83b9-0db2-45ff-a76a-db86c5959f25,Merl Cella,Female
c6ce0534-57eb-4d01-a982-aa5b8a8b408a,Flemming Shreeve,Male
d2e570d1-45a2-4efb-839c-1639afe089f9,Tabor Cahan,Male
a54aaded-3e26-425c-b0a4-68d656c87a44,Ceil Driscoll,Female
88dfbf0f-4b4d-44a6-9146-d74e4f134fce,Lucila Karchewski,Female
58ed9e42-dada-42db-9f94-5072247ffbe4,Hieronymus Oakshott,Male
0b977c32-6819-4d39-ba59-a73b9fcec32c,Woodman Trillow,Male
2ffebb4a-e8aa-4798-812b-7445ccca0bf6,Carmella Mignot,Female
ece85882-db86-4b3b-a03b-71a8a0562335,Vicki De Zamudio,Female
0653331a-4395-41fb-97c3-75e8871e3322,Godart Khomin,Genderfluid
bfca4767-c064-40b5-8146-d82271d8718f,Nat Callaway,Female
cc05337e-ed3c-4feb-8d2d-d8b9d151230f,Andreas Prozescky,Male
25d7381b-24fa-4762-bc75-4749ceb109fc,Lemuel Colecrough,Male
9301b23e-ebb2-4edc-a14a-8ac52b3fbe60,Rafaello Culley,Male
55b8e1f8-68b6-4a7b-a56e-da92f2cd827c,Anderea Rens,Female
c0e875ee-ae56-4b99-a510-70f5496244c0,Marina Brettle,Female
c94fdd99-b617-4bd4-9eba-a16c423baa94,Sib Pinhorn,Female
9ee13365-207b-4b76-83db-9670f56de83c,Laurel Greatland,Bigender
16fd541d-240d-466d-b170-0c01285b4b8b,William Souter,Male
22efbb9b-552e-4f22-9ee3-e68243512afe,Bert Richt,Male
99bfed2a-fe18-469e-b94c-3f0f811caf07,Gretel Mauchline,Female
836c50ac-dd01-4908-932c-e4ab84b48562,Kata Le Clercq,Female
94d29ccc-6d5f-4f5f-a97f-9cd844df6cdd,Marin Cail,Female
f78da66f-edc7-42e5-90c8-a5a74b14e9a1,Stephi Derdes,Female
aff6b64f-2dac-463a-91ed-7881ed909acd,Drud Scinelli,Male
1d0bcb6f-8bfd-4d34-a833-9bf1e75c8c0d,Parke Smail,Male
5d69e57e-f7fd-47a2-9a9e-35c67988d3a7,Fair Domaschke,Male
2d7e6954-c486-4897-8993-718d6baab59d,Layton Maplethorp,Male
163a9958-8c26-4232-9879-34dcaa9ebcb2,Rudy Yanson,Male
aec45830-c00a-4914-bcf5-fb40a863d922,Timotheus Baynham,Male
156a80f6-8fc0-4953-a87e-f3aa51b3a52e,Rey Moodie,Female
4f4372f6-4ec2-4682-93ff-d47e4207c2fa,Janean Coleford,Female
6832ab4f-06ec-4569-b88b-752c3d28b565,Neile Webben,Female
e6ff0674-664d-4587-b5b2-c748aa8af761,Rahal Malser,Female
896ea157-4f14-4eab-809e-400e3f5b66b2,Aura Malins,Female
56e26f73-6d85-47a1-8f7a-75c493d2d6d3,Newton Farrants,Polygender
b86d685b-ed6e-4959-9a77-e0824c466d2a,Anne-marie Jumont,Female
6f5fa2e6-15a4-43e0-bb05-7a68de453177,Shurlocke Botwright,Male
c44940b8-b25e-4111-9a0a-ccea79772e54,Cassie Ungerer,Male
59f2453b-f180-4403-8e01-5bcc28eea184,Aube Bambery,Genderqueer
98571ef4-f871-457a-b5dd-99eeef623c6f,Marie Stit,Female
90a8af78-76bf-4b65-9d71-7d8f200faa15,Jeffry Michin,Male
3f3fb0e4-aecd-4443-ae0b-d8bd6dc7fe10,Glyn Thomsen,Female
858987c7-b0cd-4109-bc84-6857ceca0ba1,Gina Bernardeau,Female
186c6d80-24d4-4558-9d6e-a08105e8e0b1,Cecilio Irving,Genderqueer
e9827445-ab50-4ec7-b895-9e5952f8c85f,Bryant Seckom,Male
265b230f-538d-4cf1-8390-287fc3452e40,Ashlie Josifovitz,Female
8af16ff4-520c-41d1-b4a4-b1ec25552703,Mitzi Semens,Female
a11288c0-d44d-4bc8-a6dd-42208e528b07,Gianina Ox,Female
ede5a6ea-6af2-4f16-b2e8-25ab9f6f1ec9,Redd Gittis,Male
d9dc7895-c1fb-45c1-978e-e76f32569992,Bear Eccles,Male
c10be1fe-038d-4caa-8504-29f666750840,Jackie Langland,Female
2e447b00-c823-457a-89f0-403f29fe6d9d,Fredi Trenfield,Female
c13f6be8-520a-4fd6-bb58-54c3db290659,Weber Keld,Male
a10737d3-5b7c-4ce8-b595-115d688a18ab,Tuckie Sieb,Male
eabecd44-60ef-4202-b4f6-39d37b36c095,Jimmie Borris,Polygender
01fc9141-0069-45cc-af72-38c1b7db3bb8,Cari Pottle,Female
cbbfce55-364b-461d-b075-f3ecb1831de0,Barbey Findley,Female
061e99a2-c07b-4404-bf93-c4c3788a2457,Brook Gilberthorpe,Male
68198af4-1fd6-4a02-b361-7e35cb338d6b,Charyl McGinnis,Female
4c3bbd5f-4b29-4dff-9288-453d8399c0a8,Brittaney Burchmore,Female
ffaf080f-7fbe-45f1-ba17-cda9759d52b7,Cynde Gwillyam,Genderqueer
8619da03-5c7b-4cd3-ad77-7ff176645b96,Archibaldo Borrows,Male
8727030a-0a2f-44a0-992a-e1ccc3a3e25d,Daveen Luggar,Female
ffb2c840-756a-4cb3-b49e-7c68ede12b61,Maryrose Ruoff,Female
5556e55a-1e49-46e8-80b3-ef38a4b79069,Lindsay Affron,Male
55df2625-0feb-4e4c-b4c8-78d080f922cb,Karlik De Cristofalo,Genderqueer
aa9340b0-95ae-440f-bff3-6c591f934473,Francois Breinl,Male
0fa401d5-e557-4b15-ae9c-b51ab14a045d,Homer Sleightholme,Male
a0a5c0ba-41b8-4b1f-adae-94592f081c0f,Dara Ringrose,Female
98f8c1e4-07b6-4479-a81b-7bee274a0154,Yvor Lathwood,Male
a756b9ff-e727-407e-8f84-0c00594b632b,Paule Ceci,Female
aa1753ae-95e1-4b7d-87b1-27eb0837de63,Ives Elfitt,Male
af3342b0-03bf-4c20-9f76-dde6cb525fd8,Evelin Rizzillo,Male
15ce1018-ce27-4c32-8093-38d244713e9d,Lyndel Carsey,Female
47b24bb1-f101-42d6-b857-a162d831e474,Zoe Fentem,Genderqueer
e8affc9e-aff1-4db1-bdc0-6ef8cc9dcfc4,Tomasine Vanichkov,Female
e3ce66a8-adaf-400d-88c3-d5d69fb19bc7,Verne Shilito,Male
597b22e1-3da3-4adc-96c3-b11453e8b4d7,Gertrud Lepard,Female
b7e4ee0c-4cb3-497c-9324-400fc36ddf04,Malorie Pearse,Female
38ddf195-b5aa-42a8-81a3-20cf0b067504,Dorotea Harbard,Female
91ae84d8-1608-4f42-b091-13dddfe7ec92,Lorrie Dillow,Male
740f5e7a-bcbd-496a-855d-e2308ada5a34,Erik Lieber,Male
7b4ade4a-9b98-45d3-973f-1ede08966c5f,Dareen Woolen,Non-binary
3fa1431c-f869-4733-b79f-fc0a6e95125a,Lion Mellings,Male
01541a70-6d7a-45cc-abe5-1a0433633a22,Edy Leman,Female
e41d959e-3432-46ec-940f-dae1dfea9f32,Jecho Trythall,Male
fd628cc8-e39a-4b8b-8923-2abb92fb52eb,Winna Tredget,Female
0e646f77-82fc-4916-bdd1-9f054a934530,Trude Lopez,Female
6b115f4a-7165-4119-93e4-776e680e3651,Farrand Talton,Female
5832e145-f1b4-4cb9-89b0-f3369bded66e,Saudra Ostler,Female
a752f9d6-7536-4cf2-9183-4e0f306ffb13,Florrie Whild,Female
78a12737-3915-452d-940d-23bea2be3374,Pamela McCusker,Female
8e0cd91b-9a4e-48d2-9f5c-cbcde20c5a74,Larisa Tace,Female
7ecfc5db-ee56-4673-8b0b-aa76afbacfa6,Nicko Jewise,Male
716518dd-95e1-43ec-be77-aaa01b8719c8,Cornelia Kedie,Genderfluid
e8f7beed-f42f-4e1d-8802-a58938bf63e3,Maitilde de Nore,Genderfluid
db2ab441-0cd5-4e6f-a0b3-9bc79a59b5c7,Alie Mewe,Female
a3be6444-e668-44bc-a8a1-b185b2cd1b1e,Aron Skocroft,Male
885c0cf3-a416-4c6c-b0d6-29320dca7b07,Doro Goldstraw,Female
cc796a7a-e17c-495e-9de5-ddd712a49b21,Roma Linfoot,Male
beb8e1fb-a489-4464-b73b-29dee14f7334,Sherwood Ramelot,Male
104b062f-4693-44a8-ae3a-9d44421bcde8,Dougy Heazel,Male
d218d251-d1f7-456d-b881-92c87acfc41e,Deeanne Hargate,Female
f48ddcbc-0cf3-45dd-be55-2b7f2927d3a1,Noland Cockle,Male
8fa9a549-76f4-433d-817d-e84423139106,Nicky Catterill,Bigender
da0d8b80-4743-445f-bd5a-03f8d9c82231,Harley Lewens,Female
1912cad9-fcdc-4ecc-bb56-f961bf6a1970,Sidonnie Strapp,Female
1fa119ea-268c-4a6d-bd69-81a4dffd9e32,Justinian Johanssen,Male
9e914707-aedb-4492-8017-78d8d7bd341e,Perren Sainer,Male
5f3bce4d-8713-4dd9-9d41-75caec9597e5,Leigh Deplacido,Female
54dbb8c8-4e6d-4fc7-a300-aa269a6a2a35,Isidro Gonnel,Male
db13d21b-8fbb-49f9-8292-2953c183a24e,Karl Cowern,Polygender
e4988f40-d1eb-4804-9f2a-75d7074fbf3c,Caryn Creasey,Female
2fa03f8d-67ed-422f-ad60-f59420011b0c,Winne Jull,Female
2c34038f-4779-416f-9c82-8a6fcf09cccf,Theodosia Hallgath,Female
e1aa42fb-392f-4025-83ad-911e8490af98,Janel Pingstone,Female
ce5fd8f9-f0d2-41a7-9c14-017b4d86c2cb,Allard Amyes,Male
dab8a435-72f4-4805-ac59-22a0b1abde3f,Syd Blann,Male
9aeec23e-31e8-421b-bd66-81d70232ecfd,Hansiain Tytterton,Male
2a648bcd-0e54-45af-919f-b19833d1cc47,Alberta Tatterton,Female
09c3dded-1c92-4bb2-9bee-c643a00803e7,Emmery Toomer,Male
d8ca8b55-b637-4b6b-9221-113e2fa30e0f,Alec Mayger,Male
6cfc6d0b-1341-4ddf-9d78-8e614bc282c3,Stanislaus Greenley,Male
5207d90a-cbba-4e7a-aaf3-4d01812df5d2,Rici England,Female
6d89f008-584c-4beb-aa0d-2ee7536d0116,Morten Grigorio,Male
bfd35557-2acc-446b-9845-16796332a422,Isacco Roycraft,Male
366a7eed-4668-429c-9f4c-0dbd7955df70,Neely Tapping,Female
ccf59e90-88c3-4edf-a6c2-9f3850636135,Angeline Duffer,Female
7605a74b-c140-4f17-a67c-579b550facd9,Ingaberg Devereu,Female
118915b4-8bda-4859-b0eb-4db68ebf0f3c,Vergil Grandham,Genderfluid
8388be54-935c-4316-a18d-d0bc5342ab34,Gallard Satterley,Agender
0746cab1-1240-4959-b828-cb08e50d1740,Claudetta Cavendish,Female
72284796-ea41-405b-a333-b5cddb6a9909,Paton Blunsom,Male
59b9e146-d1f4-4a29-b0c1-25e9fd22f821,Kathy de Castelain,Female
ef65211f-b98a-489a-b175-04333b700dee,Leonore McGeouch,Polygender
209fe06b-4c66-4877-a343-5f40c325ae0f,Demetris Niche,Male
d0747b2f-3ec6-4e26-8c39-5ca48f05df06,Almeria Tesdale,Female
cb297f41-eeaf-458c-a842-196c10c2d3a0,Nil Lochead,Male
45178289-c695-4b93-9954-03d03ed9aaa1,Bar Crathern,Male
c89f1166-8685-4c41-9735-84c8e1978cd7,Liv Hawker,Female
2a8bde5f-59c3-41cf-911c-ddcbe28c398d,Jessica Barneveld,Female
d288f84f-81d3-4c8b-877b-d6b204912bd2,Kerby Heindrich,Male
ab9434eb-e350-4cd5-8209-696713006930,Mari Edgars,Agender
a442bd7a-c903-4169-b8c4-96c9f48793d6,Tedd Filyakov,Male
0a1abbca-aa53-4b2d-9b8b-b71fc90968ed,Batholomew Birckmann,Genderfluid
e8c9c112-611e-4120-8718-d768c9b82885,Jeane Human,Female
d6284934-c594-415d-860e-7b469fb7779c,Tybalt Shevelin,Male
a554ba70-56db-40ea-8db5-bb8539f6fbcb,Kath Vasyukov,Female
b841b39f-a6af-429d-9ea5-2022ec360079,Katherina Sall,Female
f5d0df21-d3dc-479d-bbd6-81319c941c4c,Floyd Slipper,Male
b81dd10b-3f4c-4cd1-af21-732b2758e9b7,Aguste Doxey,Male
28c3441e-c106-433b-80d0-ce6c55dec811,Meredith Cobbing,Male
c0cafeef-05d8-49e5-8db8-e9a895a80334,Derrik Como,Male
7dfda411-eb13-449a-a241-a1177e5d5595,Teodoro Viggers,Male
3e64ac8a-5476-402b-85e8-a52528304faa,Maybelle Knevit,Female
60b90cb1-1058-49a6-a173-64cf22bc69ce,Shurlocke Meriton,Bigender
c18bec64-ce32-408a-8bd1-90b691b7dc09,Devland Lineham,Male
8c2467f6-a805-4b56-b60f-440f99f508c0,Tobie Francie,Male
7e6aa14d-38f0-480c-9311-8d0e2d0bb518,Alena Cokly,Female
4d071508-1765-4003-8387-3e64f683d2a6,Laurent Hoyte,Male
77554289-211f-4f50-a45a-c3929fce286d,Tandi Jochanany,Polygender
af9d76f0-ab33-4346-a512-4d9820b50d38,Celinda Baccas,Female
b955c132-442c-437b-a98f-82827830ca68,Ame Steeden,Bigender
2de8d5b6-8ee4-48ff-b4a4-9f0b3d81b666,Artair Blazewski,Male
994b5755-fcd4-475d-9d6b-b9509d52870e,Jannelle Vankin,Female
7b9f7fbc-d1cc-41d0-8fee-87c323d6ef27,Elset Piens,Female
ddba1258-5d81-4108-b08f-a6526d1ded5f,Bruno Turfus,Male
5cebe2fc-5915-4053-86d4-b74df38fef94,Darin O'Giany,Male
5af65b33-6273-4daf-a529-c0c87a943d45,Sigismond Saltrese,Polygender
d8133eeb-1394-42ee-b8ce-6713edb0c9f7,Evelyn Lomas,Female
a3107adc-8a11-4c5c-9986-e70b53223c8c,Nikos Epine,Male
4b332573-e6b6-421f-9258-22552e6ce97d,Quinton Prinn,Genderfluid
629c223c-4e16-4d78-81de-32d04ab7030a,Guilbert Livens,Male
4fb3d2a8-b115-47ed-986c-46c2772fdea6,Grantham Reburn,Male
a3f7a7b3-42f7-4452-8dae-6aa4e20e9533,Benedict Diggins,Male
586e5351-8636-45c5-a430-8c334ec8d549,Ferne Melmeth,Female
f7c458d0-a0b6-4a14-bd3e-fbcbe60e760c,Binnie Abela,Female
1967d93e-b2cd-43ca-a75f-f5cab21ba619,Emalee Diem,Female
39278ba7-2c3b-424a-9406-8e29b1005a0d,Georgy Myring,Male
9758b460-3525-429c-816d-df1867dcdfc8,Kin Broadbury,Male
196c6022-598d-432a-a63c-8477ba1dba5f,Inge Kingsland,Female
70dcad70-db10-4bf1-a3a4-53c512133039,Shanon Cowndley,Female
d1fcd404-ddfa-4bc6-a536-ffa7d96c8f3e,Leia Tumasian,Female
ea3f40fd-6e36-4483-ba87-5d011a5f608d,Cody Bertrand,Female
9ec2cd02-18c0-4329-9b39-fdb96dc09938,Dalston Shillum,Male
c3855994-9dee-41b7-8f28-df0fdeee75e1,Luis Wotherspoon,Non-binary
93137c51-80be-4bc8-8530-6e9c7e336404,Tiffie Runnacles,Female
1e411515-21d2-4e46-9bb6-433bc0e4b538,Kipp Driffill,Male
86b950ae-0b0c-40bd-ac05-650aa7ab1d34,Annmarie Ovise,Genderqueer
cd03c37b-1c73-4d37-89f8-184ca1ddc814,Winslow Sunner,Male
e1b0b17d-d25b-411b-a91e-930b0f48eea9,Nap Tollit,Male
9ad9d483-33f6-4e83-8748-b45cd732ecad,Emmalee Tuckey,Female
ccdbcbed-ebc4-48ea-bfea-bea94ead7386,Lusa Pughsley,Female
5b470359-791a-4d4f-8cfa-b6615d11fcba,Thelma Boshere,Genderfluid
3e53c072-db6c-4583-a24c-52adf2ee7542,Berget Clarae,Polygender
cea207b2-6070-4e42-8209-53a64b8c0f98,Caron Pedreschi,Female
12d3015f-56e7-47b2-83d4-f12446f0431d,Katusha Gauler,Genderqueer
5e81e8d6-c453-4ce3-8ce3-8b9243b62444,Agnese Paszak,Female
2925c7c3-2570-419d-9ccc-1dd454441a1f,Lane Dranfield,Male
daa4459d-42f8-4997-9a2d-bf6597b1a4d7,Kary Ellor,Female
acb6c8f6-8211-46b2-b9cb-34610122628a,Bill Pablo,Female
2d0863d1-f143-4ad4-833c-14132565fc01,Rina Swalwell,Female
ab31c449-0280-4799-a18a-aa456418b59d,Gretchen Fleeman,Female
51513327-84a3-4e29-802c-df508d098cef,Gayler Willoughby,Male
74beca7d-d9ed-4db8-8dc3-3ed742cab5ca,Vale De Blase,Female
64204823-d132-4db8-bc18-c8a90611e3d0,Codee Mabbitt,Female
55bac57e-5893-4b39-bb69-b96bd1b1e839,Raimund Finney,Male
a0ad64f6-c40d-49ff-9886-d1736d39dd30,Kale Lydford,Male
6fa447a4-3cc7-405a-b94a-72d00f0a0ebc,Brandtr de Chastelain,Male
34729185-9742-4b28-b3ce-d22e362732b8,Catherina Readie,Female
b0a49121-1f35-4dd0-9baf-8ba7db04b4da,Tony todor,Male
186893f1-f351-4cbf-b63c-43b64a68abd4,Cornelius Haggarty,Male
31458f81-873c-46dc-ab25-836f37c2eec8,Annmarie Wilacot,Female
16103240-cce9-48d6-bd21-fde1ac631dd2,Keen Lilywhite,Male
8c2f24ac-3cc0-4638-9a67-343cd110806e,Jarret Maccraw,Male
0b1918f5-f5e4-44d6-bbe3-d892058a8db3,Flem Belch,Male
ad846498-084d-47c5-9b21-e37be009123e,Erminia Milborn,Female
4dc23e15-2113-4a18-8f5b-3bfa86edbbb3,Even Hounson,Agender
962d5e7f-cdfd-420b-8ef5-65607ca2d2d7,Kaile Minero,Female
ae05bf72-3e11-43ad-9b85-45f8c4559980,Magdaia Bole,Female
eff75767-aaaa-40ee-930d-c72b2e874e42,Jazmin Somers,Female
ac23bcea-7395-4883-97f2-48b6c4a87406,Cleveland Inchley,Male
f28c17ad-5261-43e9-ba77-57c6105ad735,Guinna Bende,Female
0c3b9bc7-74b5-4e61-b740-8d02c76cf81d,Luise Crennell,Female
b956bba4-d027-49ab-bd3a-db8e12c45468,Cyb Mallan,Female
02a42a70-6bd1-4dd9-9bd2-1f4e6d10dba0,Kendrick Buntin,Male
a7226a32-7226-472c-84e2-d5c8b1a9918f,Dewie Tungate,Male
e645691b-eb5d-42d8-8673-77daff1f6f93,Leontyne Rain,Female
252c7584-dc47-436f-918a-4d69305956b8,Orella Vockings,Female
cc09494c-451f-4951-8e69-69e5d2c1ff89,Horst Iacobini,Male
817d2fa6-9f31-4d42-9308-3dc08462262d,Micky Duffer,Male
b8388aab-1c65-4bd6-81a3-b513cb4a7f0d,Devonne Champerlen,Female
5b928705-7681-4065-b9d6-bbe83dc5dcb4,Ronny Tellesson,Male
e6cd5c5e-166e-41ef-8d50-3dcdccd079b1,Leyla Dzenisenka,Female
31fa6077-61fb-4688-9f4d-869e81fc7f94,Onofredo Rosendorf,Male
b9cdc9ea-e46e-48b1-851b-dccd6cc9dec3,Oliviero Holme,Agender
801d0597-f8ea-4534-8db5-aa0dbcc59cde,Tony Leibold,Male
2aee2816-b8bb-4ce9-aca9-033a655e4ae9,Lenee Pridie,Female
94ea28c4-a776-496d-94bd-e915df798d90,Cody Pearmine,Male
d1b55a0a-f27c-4391-b7d7-b4ac1802ea2f,Almeda Basketter,Agender
cb11f7a6-6671-4522-a99e-fcd7eda3a09a,Loralyn Roskell,Female
445ec6d4-39b8-4d29-979e-3b6f761aaa52,Coraline Volke,Female
3cc1a642-f149-429f-8aba-1e26a23aa741,Bendick Coronas,Male
b756364b-1570-4d86-a645-50a1a267c5b4,Quentin Lilion,Male
48a4b458-1d9d-4df1-893b-131ef59dad8b,Rabbi Sergeant,Male
45d9bd7f-04e6-4b00-9400-e0f5d28bfea5,Consalve Baxster,Male
e67ec9cf-0acc-4560-9b0a-559805d378a1,Jaquith Shinner,Female
292747bf-cb6c-43bd-a1e2-a4412ec8c4f8,Suzette Olensby,Female
