id,nombre,precio
30be362d-2a8a-41bf-ac5b-89d001ef1de9,Beer - Pilsner Urquell,2527
459411b1-40de-4433-9981-af189969c637,Isomalt,243
e43a721e-9ff3-467f-9335-f0b19a801b91,Wine - Magnotta - Pinot Gris Sr,147
9b0e877f-bfe4-4a28-807e-af26a3e8de2c,Guava,331
749dd4d1-6911-4c8c-9c08-63843bf3c4fb,Lettuce - Lambs Mash,2269
6388afdc-0076-4fa5-83f1-1627c2d3aa60,Pasta - Canelloni,544
4604737a-4599-450b-b1a2-e4f9ad955044,Sword Pick Asst,696
3e7de71e-4e97-481e-a190-9eceec81cb69,Soup - Campbells Chicken,574
976dac65-c058-4725-aff6-2fa59167e76e,Cheese - La Sauvagine,54
2ab1c88e-93d7-4b9a-a506-1f59d0df851a,"Artichoke - Bottom, Canned",97
eb998048-db82-4140-89c2-e8eb9f503c43,Beer - Tetleys,37
14b4968d-3be8-4483-8bd2-cc7194bc9332,Jam - Raspberry,298
6dbcbea7-c96b-45c1-85ff-97e446fbabcc,Wine - Toasted Head,449
2c926835-fcd3-41ef-b30a-ecb931d89db1,Amaretto,585
65774da7-fe5f-49e8-93f4-0103f11ba022,Gatorade - Xfactor Berry,1454
7e86b25f-93ce-46f0-84a3-0e721e9bcae0,Table Cloth 81x81 White,456
bae55f44-6639-4fbb-9533-87ef571c0d0b,Pineapple - Golden,293
256e4dc4-2329-4b79-8bed-15202cc2841a,"Star Anise, Whole",1372
d388aad7-e38d-489c-b4ce-730b8ac93a5c,"Mop Head - Cotton, 24 Oz",1273
123db7c6-bcfa-4354-8716-3b72f26afc22,Ecolab - Power Fusion,328
2245ad57-dc71-439e-a51f-030a00aeed38,Salt - Celery,207
2415cc1c-6cac-4e2f-8387-b9f5668e7399,"Cherries - Bing, Canned",453
0f4ff23f-d5f9-43aa-9dae-392ee1313706,Cheese - Asiago,70
f7b80f21-6dea-43c2-a1c5-0558d956984d,Monkfish Fresh - Skin Off,3114
c847acf2-0c2c-48de-9254-b309f84527ad,V8 - Berry Blend,192
335abfdd-e5dd-4c19-a7e0-5c54fb9796ba,Beets - Mini Golden,493
fba30b6a-44c0-4d88-bfb4-82b5936fbe15,Danishes - Mini Raspberry,518
add2e6e7-68d9-4e17-8ab9-34d6bacea0cb,"Bread - Rolls, Corn",180
8b290631-3c40-4765-a3e0-7b0e72e539ae,Kellogs All Bran Bars,534
ba16cc64-dc95-448d-9b67-bf5b39188f3e,Tomatoes - Hot House,337
1b5f37cc-a09f-4b9c-a806-5ac469879f99,Chocolate Bar - Coffee Crisp,205
06d400e3-bbe3-490b-9a85-1fd78a15b674,Huck Towels White,110
15e3054a-c01e-428c-853c-058ed6dab764,Celery Root,851
f161b93f-478e-41ef-b3ae-eb2fa5df83d5,Appetizer - Cheese Bites,1318
b715ff72-acb6-490f-843c-499fdc027e43,Truffle Cups Green,147
43754ce6-4541-43fb-abb4-789b42febdaf,Paper Towel Touchless,369
69d6ece3-426a-49b3-90ce-e5140a11d854,Latex Rubber Gloves Size 9,1136
5f8e91e5-1ca7-4ff7-abad-8cffa8488505,"Yogurt - Raspberry, 175 Gr",410
6e2a42ae-1c6f-4b18-8e82-20df9238acd5,Flour - Semolina,2778
0154bac2-88c2-4dac-8e22-821fc28963cf,Lid Tray - 16in Dome,230
472f84bb-3b4c-4828-8851-51c2a8e4c489,"Chocolate - Semi Sweet, Calets",488
905dba5c-f075-4dfa-bb31-1f86f0dc9891,Country Roll,3108
54b8d73d-8b79-4cae-abc9-d41f0de004d7,Fond - Chocolate,1049
6bde17af-02a0-4887-ac5b-4879b1eb71cb,Coffee Decaf Colombian,361
85e2310d-46fe-4321-95dc-f10715e85fe2,Kellogs Special K Cereal,164
f8e39b78-dcb9-4999-85c9-143ccca37fa4,"Wine - White, Cooking",182
a5391197-e415-4383-bdce-f28a773bc16b,Lotus Root,2336
cca6aff9-b4bb-44be-863c-fdfefa61d8c5,Chocolate - Sugar Free Semi Choc,108
fa8a9d57-ced0-4bb4-af4d-6367116076ae,Sprouts - Baby Pea Tendrils,966
84305095-2438-4a74-8bbb-e0b9e619a316,"Lamb - Whole, Frozen",235
d508dc1a-e134-4121-bcd2-f8b241f96be3,"Bar Mix - Pina Colada, 355 Ml",344
07ffd756-7265-4066-bdc6-f628ddce4d7b,Wine - Rioja Campo Viejo,716
5e158144-5149-4868-a4f1-4ff4c7b5ddaf,Mushroom - Crimini,32
d78775bb-8816-40eb-8d5b-273d4bdbe8d1,Wine - Winzer Krems Gruner,128
deb1a0e8-1846-4a77-b330-32e1f9a2cda2,"Pasta - Orzo, Dry",1103
6472731c-2c79-443f-933c-c0decfd8d2de,Wine - Carmenere Casillero Del,369
2265179d-9e22-41df-83c6-3840e0b48f78,"Apple - Delicious, Red",525
8bbe5f50-c39a-4243-87f3-bed86d1e0bad,Cream - 35%,1205
cc028d7f-bc54-401c-8d4a-9ef697750c02,Veal - Slab Bacon,33440
1ee2a5a4-6f92-4360-9123-a86ecb4b3806,Huck Towels White,27635
b5cb4ce7-8811-4d5c-8627-c6981da8a256,Vacuum Bags 12x16,276
960f327c-60e2-427d-b55c-b95c5457296e,Apple - Macintosh,334
fdbce3f3-7c83-462b-aa23-ad0eda22fcd7,Table Cloth 90x90 Colour,459
d0b3c38a-258f-41c7-b98b-6094cdf0f776,Beef - Tenderloin,17
1bf185bd-2bb2-4071-8a06-bd9011187798,Cabbage - Nappa,256
cd515d21-1c12-46fe-8653-47ebca6a0560,Marzipan 50/50,3503
86d97da7-808f-402b-ba62-b646959d5732,Cookies - Englishbay Wht,192
34f5583c-db69-41a8-8d05-bcdfd980deb0,Dried Apple,41
2d3bf6e7-8802-4fa2-a367-45c86337b056,Crackers - Melba Toast,470
a41e0db2-aac8-46de-a223-a7c61366ed36,Wine - Carmenere Casillero Del,137
818b3396-4110-496d-a738-c5c6ac65a651,Extract - Raspberry,1678
63e5c824-9eba-451c-b499-bffb20c1fd15,"Beans - Kidney, Red Dry",247
ddd8cc21-5b35-4d56-a4e5-0fa49c53d605,Potatoes - Mini White 3 Oz,3367
a2b13254-5a29-4eef-9310-58f5e674bdeb,Cabbage - Savoy,235
7a20b8f8-cfbe-41ce-993f-8ca380605413,Nougat - Paste / Cream,2039
7f40020a-be5d-477d-81b8-b983ecd7bda3,"Beans - Kidney, Canned",2712
4b92d3ce-5070-4801-b73e-1ed5522fe458,"Wine - Red, Colio Cabernet",766
07242f90-a1f0-4d61-a3d9-97f8a3c4813d,Soup Campbells - Italian Wedding,285
d4d18b28-7d90-4ea9-becc-f48b16af8d13,"Pasta - Canelloni, Single Serve",1011
c59f5d5e-1f7c-49cf-a93a-f66e818c5cf4,Table Cloth 120 Round White,325
b4db6bba-82e6-4467-83d5-f0b3edb47260,Carbonated Water - Peach,423
e68350a9-ba08-400d-85b2-ee85b74298ce,Foie Gras,240
c6f1706b-9367-4c46-ab7f-7ad7ef57e8a4,"Syrup - Monin, Irish Cream",129
bda02fd2-f1f4-4d94-9409-bccc9084891c,"Chocolate - Semi Sweet, Calets",755
51ded5d6-b8d5-464f-9a3b-e447e5591813,Transfer Sheets,320
0bbe57b7-d645-4d4d-9fd9-6cdeb12e11b2,Cheese - Brick With Pepper,655
ca40c85a-9a7a-4080-b6b0-4c2274750c2e,"Salmon - Atlantic, Fresh, Whole",596
b5aef4ab-d0fd-40bd-bd8a-2b431ddf1552,"Butter - Salted, Micro",552
b037b949-2c70-43b5-8d1f-af9aebf549b0,Kellogs All Bran Bars,1606
4d678eab-8343-40a0-8436-0d9b4c6d0445,Fennel - Seeds,230
03982460-e18f-4331-87d7-58958de20f4d,Orange Roughy 4/6 Oz,20112
933f5b59-58af-4d94-882c-1aed96670cae,Tomato Paste,206
97d2562e-5341-4698-830c-85de12fd6176,Lemonade - Pineapple Passion,619
46d059e5-08ce-4523-8532-3edb42c9fd58,Butter Ripple - Phillips,1713
972568b4-ac18-4329-af19-4a35d31828a3,Sugar - Brown,2203
c907378d-1862-4163-9ac3-4e4f9d7fc76a,Cranberries - Fresh,631
07f79655-d56f-4738-ae22-93a46035316a,Carbonated Water - Cherry,2359
f64616c8-1a9a-4397-bcd1-0e06b420e9ec,"Veal - Insides, Grains",5434
741c5798-6cda-4f5a-af75-afcaacbf283a,Rice - Basmati,248
d15ee2b8-a18d-45f2-9407-06164b5bb985,Ginger - Crystalized,1073
ea3e1bba-ca7a-4aa0-ba63-9c5557a1be71,Sauce - Marinara,17
7bbe7441-b997-4560-9927-c033e6af080b,Lamb - Loin Chops,94
2624bf61-6ac7-452a-86b1-a1d620a3c25f,Nori Sea Weed - Gold Label,1025
2343a8d3-c37d-4a3b-b9eb-1e5de9bf5b23,Dehydrated Kelp Kombo,847
910ffbe6-5640-4f25-98fd-d57e6e6354d0,"Pepper - Paprika, Hungarian",536
5e10234f-a851-4b31-b8fd-672236eecd6d,"Sugar - Brown, Individual",11072
a483ccbb-6a7c-42d1-a1fe-a90b9ea0eb06,Island Oasis - Mango Daiquiri,60
70a9ffb4-1fa8-4355-8556-d9b4729f950d,Seaweed Green Sheets,17
49becd65-766d-42d1-b4f7-45871fa25065,Icecream - Dibs,1207
0feafce0-6e2a-4d72-a1de-ccaf7f433be4,Oxtail - Cut,497
746d8341-d348-4c35-87ea-4d1ac7505861,Snapple - Mango Maddness,656
95bd57af-b7d0-4954-b095-ef6fe0e0ca0a,"Schnappes - Peach, Walkers",1305
842a6aa8-49ce-48dd-a3a4-01393778c949,Chicken - Soup Base,361
cfe77791-1b61-40d0-a310-d823574f071d,Pate - Cognac,1046
42969b0f-42a1-44d1-8875-0fd00e1c0dc8,"Pork - Chop, Frenched",159
d6fba2ff-8b61-4fae-96b1-7ade3b17c362,Water - Tonic,2883
6540871b-841a-42ef-8a7e-64b5fae7b446,Currants,401
bc9bc37b-db5b-4ec8-bcff-5e6eabbb2863,Artichoke - Fresh,2390
c9c80963-df66-4f7b-b405-ddd0609e66cc,Galliano,467
cf864d5a-08f6-4e4f-a4ad-ee090066cd33,Onions - Cippolini,1692
35b861c0-7507-4d6f-a85b-b29f444267b1,Water - Green Tea Refresher,474
db1fe330-b26b-431b-b812-a181aa7665ce,Molasses - Fancy,4100
7c31cfea-af3e-46d9-b10e-525dc80fa979,Noodles - Steamed Chow Mein,579
998cb87a-547b-4185-8160-c6d1cda7dd07,Wine - Sauvignon Blanc,84
f83a81d5-eac4-4243-ae49-5adb9fe4fe02,"Wine - White, Mosel Gold",109
c5adfb82-e6a9-45de-aa42-76ee8c7595dd,"Mushroom - Porcini, Dry",1484
eb704e5b-20f1-4cd5-8048-19cf09952b2e,"Water - Spring Water, 355 Ml",307
d0dd2769-d3a7-4978-b15b-056faa215bdc,Beef - Bresaola,409
c7208c63-ffe6-477e-81ac-5a8ea186fd6d,Melon - Honey Dew,863
320cdffd-4177-4836-89eb-ccf4119dd41c,Pate - Peppercorn,87
7861898f-d84d-4bee-a5e7-92a3a0b61e1e,"Wine - White, French Cross",385
2c75116d-29a5-4c88-aecf-43c2e68bd407,Lamb - Sausage Casings,1367
c1065921-65ac-4b1f-b121-777b35f44075,Gatorade - Cool Blue Raspberry,10241
f2c23563-558f-4914-b688-e204b4114fb8,Wine - Mondavi Coastal Private,491
ea336065-2ba1-4a4f-9e15-1bf15361f61d,Lettuce - Lambs Mash,48
225f073a-bb1c-4cb8-9100-7adc06c942c5,Fuji Apples,183
6b44a48d-68c2-48ca-840e-0bac21e86a85,Bread - Multigrain Oval,464
8eed0950-79b1-4d73-a503-535804d36898,Pastry - Raisin Muffin - Mini,701
c8e55cd7-6b21-4b72-9ad1-1f01558a4b70,Pork - Ground,273
5b998f6e-f2ee-4160-96c3-baaee9e11073,Bread - Raisin Walnut Pull,147
58d42a6f-d3b8-41c9-a186-1b9a1fddb098,Petit Baguette,7024
dcf891a1-55a9-47a3-a571-702810fc68cd,Appetizer - Asian Shrimp Roll,639
2c482447-88f2-44bc-9734-ba0c30152394,Whmis - Spray Bottle Trigger,694
1caadd98-1c6c-45f3-a0bb-734807ef79c4,Chicken - Leg / Back Attach,138
dd8694e4-55e0-49c0-b351-47dd9aeea927,Compound - Mocha,1622
ac91b4ac-9d95-4c6d-944e-52658b37ef5f,Wine - Manischewitz Concord,117
722bad1f-bb1c-4d47-8f29-456a39f83966,Watercress,641
df023ade-8916-4059-9118-65e6ce76e42f,Kellogs Cereal In A Cup,1003
b93563b6-a4b2-44ff-929b-5dfaaf73e0a3,Appetizer - Smoked Salmon / Dill,61
786d7c2c-816e-4891-ac67-cc2684ad5c8b,Apricots Fresh,811
acbf6ef2-7cd3-4496-8c0f-fd377851db47,Wine - Cotes Du Rhone,423
4371bb68-9d2c-457c-8844-9b6cff7cd0b2,Mushroom - Porcini Frozen,327
54b2c95c-e6f3-4208-83cb-58a3468e0593,Wine - Riesling Alsace Ac 2001,365
1a925486-f89b-45f4-8e9d-60b69afd359e,Potatoes - Peeled,157
3917b43f-aa5d-451d-929f-4493cf907338,Beer - Mill St Organic,383
5e94559f-c983-4e88-bf4a-8f3bfc0631ee,"Veal - Shank, Pieces",411
4bb0737a-f68d-4ddd-97e2-a5032e02d4e7,Cheese - Goat With Herbs,1871
ad24cb7a-18bb-4cdf-ae35-3512bb3108e0,Cheese Cloth No 60,105
74fdc7e4-cc22-4cdc-b0b0-d595be2faa0d,Vegetable - Base,2023
297a6795-2cf1-4834-ac24-882c1aa63205,"Quail - Whole, Bone - In",1413
13d3df97-9612-4d17-abfc-899905c2c170,"Carrots - Purple, Organic",200
07d10a89-d157-43f1-b8b2-b44134422418,Myers Planters Punch,420
03ef7fa3-e939-41a6-85fd-0e902184642a,Potatoes - Idaho 100 Count,459
f8a94ddb-e3cc-4d92-bad2-f793dc747abf,The Pop Shoppe Pinapple,556
e933b5df-0164-4925-b77a-b3068ff2f70b,Mace,322
750ffc0a-59ea-434a-b386-83ca756b9f7b,Roe - Flying Fish,2145
7c1071f3-8901-4bf3-bd7e-00d2806a44f1,Pastry - Apple Muffins - Mini,344
bd66b575-3d53-4248-93c9-699641bdbd85,Radish,1383
18db04c0-0987-4a57-8337-36d80c80740f,Sherry - Dry,2948
2e03a4a0-e55a-48f5-a351-a8c7e33fab7c,Water - Spring 1.5lit,261
43fa011f-1ec5-4d51-9a69-91daedaafda4,Bread - 10 Grain,380
acbc04e6-c196-48ef-86c7-78dfe01a58ce,Nutmeg - Ground,6094
1e86bcb5-71a6-4113-b714-2ae17a73a896,Allspice - Jamaican,379
cfe53d23-f2d1-497d-bb0f-8dc5dde2d566,Mustard - Dijon,387
7224ce7c-47a3-4cb5-95c3-e36dd3aae98d,Bar - Granola Trail Mix Fruit Nut,437
13264125-88d3-4128-b470-87c674fe372a,Baking Powder,891
9c5750d5-e5ae-4b45-b437-7d836ba8c505,Cherries - Frozen,340
456c296c-3af7-4671-adeb-a0c9fad385dc,Bread - Petit Baguette,204
cc789d81-f4da-49d6-962e-e05321b8307f,"Beans - Fava, Canned",9296
01ff4166-c4db-48ef-8871-324f863a06c5,Beef - Flank Steak,2593
a79bae30-ded1-4afa-81ab-f2348ede36c1,Sauce - Alfredo,258
57856487-b883-4e01-a73e-07eceedc8c3a,Bread - Focaccia Quarter,869
76ce30f9-da8d-4cb6-8844-ad0a7722d688,Coffee Beans - Chocolate,96364
625b9279-d8a2-4ca6-8585-46c1e46136ce,Pie Shell - 9,434
05104fda-156c-45c9-832d-3de25453071d,Sugar - White Packet,46
4471cfe0-7255-4a78-96ef-2662fc903a05,Pepper Squash,255
c8f4ed7b-4c72-49f3-96d7-413e92b9b765,Puree - Strawberry,536
65648216-d83d-43f1-a617-9915ff76cbd7,"Chicken - Breast, 5 - 7 Oz",269
d1bbb62b-ec1d-4189-9754-c379bcceb88d,"Iced Tea - Lemon, 340ml",3565
93ed1675-643c-457e-ad78-a7ae0f0789d7,Tea - Grapefruit Green Tea,1082
7c4fe4bf-5e8e-4b97-b5fd-13cfb4fc6acc,Ice Cream - Life Savers,149
a46dd945-233d-438d-a567-8dda36ab55f9,Soup - Campbells Mac N Cheese,234
4a5cd413-6e68-404e-9819-fca8d7e2c7eb,Chips - Assorted,797
fd7674b1-18c9-4d47-9836-ea77acbd0c6f,Kale - Red,160
09fa1e98-3c68-453d-b119-ed7cd56dec29,Spring Roll Veg Mini,1425
97079b28-e27d-49d5-afb9-b5ddad66b498,Sambuca - Ramazzotti,82
ce63ac01-0783-44f0-b7b1-a5c6cec94350,Grapes - Red,15313
ee340092-16c9-49f6-ac8b-c2508a833e6e,"Crush - Grape, 355 Ml",453
b2dfacff-b5fc-43ee-85c2-1e90d794cbe1,"Nut - Pine Nuts, Whole",906
fe960af3-c143-4416-a967-6c5ebf5e8ada,"Cherries - Bing, Canned",168
65671a19-51e1-4978-b51f-170414af4441,"Lamb - Pieces, Diced",346
2d8027a6-683a-48c6-8f46-c9e231d4f75f,Soup - Cream Of Potato / Leek,264
aafad6bb-d9d5-4552-9f18-d137d303d6fc,Sage Ground Wiberg,225
75974159-7b48-4fab-9c8a-5b3bbde85f1e,Quiche Assorted,1387
fbba4000-5f1a-4750-8bf0-33786cdea15d,Buttons,1019
2c565fa5-b76a-4b07-9385-3c26c3d43d82,Lettuce - California Mix,594
acdca2df-3a0a-4066-8198-461d0f4c5912,Longos - Grilled Veg Sandwiches,261
a27a15e4-33da-42a3-bc4a-fcea02ab390f,Sour Cream,640
0ee2d969-2e91-41e1-b971-2cd6fcbb3f8a,Juice - Happy Planet,36
c663a315-d38d-4411-beaa-de1eaa18ae0c,Pork - Belly Fresh,810
0a7c6f6a-8a04-4d12-a399-63a801ecaeae,Sage - Rubbed,2213
369cb9e0-bb2f-4538-abc0-0aea0d3bd0c0,Cabbage Roll,697
96a94db1-dc0b-476b-8e13-a3db2ebe7c57,Curry Paste - Green Masala,1200
b6bb23e1-405d-4765-83e9-f87575462a37,"Beef - Tongue, Cooked",365
41de8a43-54cd-4578-a7ee-ce7f3ca68404,Barley - Pearl,199
3fd1b78c-cf87-4a44-8e15-c019890798d2,"Vermacelli - Sprinkles, Assorted",198
fce29446-922a-4f3f-a748-f2dacb46a476,Island Oasis - Magarita Mix,30
0b0d60d3-de3b-4ad9-bfac-35a1318f6603,Steam Pan Full Lid,981
09f1ae0a-3ba1-4e55-9184-965941e3b351,Turkey - Ground. Lean,5420
b2491bb0-bbbf-4d5e-a9dc-e4dc92b3b6c9,Chervil - Fresh,557
a82d909d-6089-4196-a244-f5972eb5f5d6,Fireball Whisky,461
ea6b5ce2-bb7e-419a-9281-89543098cf44,Beer - Molson Excel,446
25248cbc-1bc2-4cbe-807d-5bd288efff1c,Scallops - 20/30,1298
cca120b0-3f01-4b97-ae51-1001a17e6a33,"Pasta - Fettuccine, Dry",390
fd535652-31c6-40c0-ba93-269ab617dc34,"Syrup - Monin, Swiss Choclate",547
bc70bd45-5589-40aa-b805-699a99a36b3e,Black Currants,343
7ba29b2d-7532-4222-8e75-8ea51e218ee1,Cake - French Pear Tart,293
42c7ab02-78e7-4b48-8b23-649bed68937a,Chinese Foods - Chicken Wing,1214
e4ffd7a9-2cf7-4918-b70b-3fd4551c3f18,Wine - Vineland Estate Semi - Dry,762
7d879160-acdb-483b-a1a6-245264bc3edd,Chocolate Bar - Smarties,939
0ca7da54-b320-424d-aa77-ce3cdc60307f,Wine - Redchard Merritt,2025
b18812fc-f3e6-457d-a7f6-cb982d456a3d,Flour - Teff,99
b400b585-486b-4fcd-92a8-e6353ad535f1,Nectarines,1461
8ed5e09f-eb38-4bdb-a8e0-f6adbd701db7,Lettuce - Lambs Mash,408
55ccb523-ffa1-4ac3-94c6-c95c33eb1965,Cardamon Ground,770
c6e61c69-8247-4ce6-9817-708361face2f,Papayas,103
a3cf5edd-f6cf-4112-b784-10be8ef34a67,Cleaner - Comet,268
3706e845-d153-4c4d-9198-dc4d700887ad,Sprouts - Baby Pea Tendrils,141
e036216d-4f77-4ad8-8216-2a553037b202,Pop Shoppe Cream Soda,272
75dfb96c-5c60-4ff3-bf4a-c6963093603b,Watercress,737
5a55ba80-2010-458e-bc3b-56cc2ab3f6b7,Tuna - Sushi Grade,1149
f0104cd6-a745-43fe-a8c9-c94765e57fe0,Eggwhite Frozen,465
518185c5-cd63-4ebe-b6b1-14ce8ca0e8db,Wine - Barbera Alba Doc 2001,10935
d5491607-2db3-4aeb-a66c-bf8fdd549e45,Table Cloth 53x53 White,467
6be06830-4818-4b89-81a9-d62d6166fa5e,"Coconut - Shredded, Unsweet",433
e72d5942-4d3f-4a68-ae07-85719fbb29b9,"Pork - Back, Short Cut, Boneless",144
aa327814-bff7-4249-9c15-e14df9049bea,Shrimp - Black Tiger 13/15,664
a0c1ef4f-a1f7-4dc5-bc79-2f766d5b18cf,Lemon Pepper,238
3771be6e-4cc3-4740-a8fa-14d83ae6fd12,Pepper Squash,307
5396c5c5-79ae-4e2a-802b-de58c988a37b,Butter - Pod,101
06b6b432-351f-4b44-a231-bb7c713fd411,Higashimaru Usukuchi Soy,649
306de916-5d03-40bb-a8e2-dbe8df403e58,Tomatoes - Orange,306
cc04b7ca-ad54-4e4d-8c03-148264049f54,Muffin Batt - Ban Dream Zero,332
57d5b1f6-d682-4fde-9ace-1e0acc4c38c5,Calvados - Boulard,575
b3974ea1-73d2-4bf7-b0e8-3ff4043bdc38,Brandy Cherry - Mcguinness,534
7282b1c6-65fd-407f-8942-e14f4af09003,Beef Striploin Aaa,387
f56ece67-878a-489f-86ee-2d14a2580d04,Corn - Mini,628
2a66298e-9328-4000-ace5-1bfbf9fd5295,Pastry - Apple Large,420
43545c14-21a7-4e3f-959d-5de50bcd09af,Coffee - Espresso,50
d8637d4e-87b6-4396-892f-24104cd64218,"Beans - Long, Chinese",140
7a5342b7-5d00-4ca3-a891-77e3017b68f7,Venison - Denver Leg Boneless,423
b781a801-8ecc-4e40-9b3e-77031b060fe2,Hummus - Spread,368
14d4027a-11ae-482b-9d9c-a5a7c40219a1,"Lid - High Heat, Super Clear",369
8c31a9e0-6de3-4c1d-8c1e-028502c780ed,Wine - Pinot Noir Latour,238
80e4c25c-21f6-4aaf-8706-b67a9d221257,Spice - Onion Powder Granulated,30
278b2eb4-8792-4d11-9f77-182768377afa,Beer - Moosehead,1451
ae31a8a6-341e-4470-a8a8-4849cbfc1ebd,Wine - Magnotta - Bel Paese White,1690
074a31ca-d4a6-4d52-8105-d419dbec72a9,Vinegar - Champagne,325
edc8775f-1bb8-499d-9d35-f66e2307b469,Bread Cranberry Foccacia,1089
41df4732-3d4b-4588-838a-cda900388f93,Lid - 0090 Clear,469
640bcf89-c112-4d6e-86c3-30cdfce8741a,"Pasta - Fettuccine, Dry",960
da22dc2c-c4a5-46af-938e-37f50826dcaa,Pastry - Chocolate Chip Muffin,132
cc134f5f-df15-4af5-be78-e73f1b843541,Trout - Smoked,2020
f0f22cbf-4957-4d48-8318-db063b018ae8,Mushroom - Crimini,126
b5a76921-4b6d-4fde-9442-36a19688db56,Ice Cream - Chocolate,923
be4d0893-c42b-4425-adfc-ff3a9071ad36,The Pop Shoppe - Root Beer,176
40ac25ec-1c63-419a-a899-44610f74cca5,"Pepper - Paprika, Hungarian",4116
d2174efe-bad9-48c6-9186-c87bcecb1049,"Pepper - Chipotle, Canned",981
6bfc7f2c-61e8-49f8-b733-c992275e12c9,"Radish - Black, Winter, Organic",343
3ebf17df-5177-424c-b036-82acd230589e,"Pork - Loin, Center Cut",669
fc8783ca-7170-43e6-931e-d3d64eab06d6,Compound - Pear,2073
47fbc089-97ef-415b-bc67-fc95df099e13,Buffalo - Tenderloin,146
cf5c8c0b-c764-470e-a127-07646b88b310,"Pasta - Canelloni, Single Serve",2654
e0794e9a-86e5-4137-8b2c-cf1dc13f893a,"Liqueur Banana, Ramazzotti",847
ce9a35bd-39db-423a-99bd-0b3e4aae54b6,"Beans - Kidney, Canned",540
a839082d-e55c-45d8-b37c-6bf12dbf29e2,Evaporated Milk - Skim,1105
725530d3-ab5c-401a-b777-e015e0fe4c7c,"Veal - Round, Eye Of",378
d8dfcffb-2bab-492f-9e44-da6c697c1abe,Tamarillo,74
42fb4116-c967-4b26-baaf-00b9968f1496,Water - Tonic,1809
da0138f4-8010-4263-a89c-6ce5f9684b45,Nantucket Orange Juice,515
054d342d-fc3e-4793-aa0f-ddadce96a56e,Yoplait Drink,102
0cc87618-8417-4ec5-97db-2f20981d3080,Honey - Lavender,87
065c845d-fc3e-4112-a5a6-619ad11de591,Ice Cream Bar - Drumstick,1788
3721e5c7-8dfb-4f4c-8aa1-e4abe3446a86,Jello - Assorted,223
9aeaaa3c-12d5-48f4-8a17-8d8820004f5d,Bar Energy Chocchip,2037
d8e5fcdd-df99-4684-918e-8c2dca89226c,Bread - French Stick,700
06bf719f-6c2e-46cd-8940-8385fb3626bf,"Beans - Black Bean, Dry",783
f9f565bf-484f-4300-ae94-b2df1a26c22d,Seabream Whole Farmed,820
758a7f78-caff-4cf3-ae44-0bd75335801d,"Pasta - Bauletti, Chicken White",455
1279e873-3644-47a6-bade-1b8b57a37c98,Barley - Pearl,34
99601001-389b-4ff0-958d-302a44611171,Tomatoes - Yellow Hot House,435
59eb80c5-f4f2-4711-852e-67888752724f,Coffee Cup 12oz 5342cd,903
9204f3ae-671b-4ddf-aae5-b3fc7647e53a,Arizona - Plum Green Tea,1393
04446e01-e87a-471b-90c4-0410c8fdee03,"Lentils - Red, Dry",5276
62d56759-b182-4aed-b33e-263604055fc4,Yeast Dry - Fleischman,118
28da1e9d-fbea-4d1b-a72a-96a3fabc6e30,"Soup - Knorr, Country Bean",304
e70b02bf-a177-4b94-b28a-022dfb843aab,"Bread - Multigrain, Loaf",58
8ef9b316-86d9-4b9b-a704-e7bc840d12ec,Baking Powder,126
dc7f5772-c6b1-41e2-bbfc-830fdbfe8d8d,Potatoes - Idaho 80 Count,246
dab8c6fa-a3e4-443e-9720-19ace177e326,Broom - Push,243
a0c3ec44-4fd5-4a62-bfe6-201ea94f2c3d,Wine - Gewurztraminer Pierre,934
3b57efee-b27e-4c4a-ac2e-7554c5d0f4ac,Couscous,363
f2409db8-b10b-4e09-8828-23672b6ae6d2,"Lobster - Tail, 3 - 4 Oz",2667
11424673-0e6a-4f00-aeca-adceb2bb3e0d,Bread - Sour Sticks With Onion,1329
e66313a9-8837-4ba9-8217-539736529522,Tea - Lemon Scented,216
ae1706c5-d68c-407c-99cf-2faf58935c23,Gelatine Powder,691
37b92cad-48eb-4693-9e02-2dda7021e3ad,Tea - Mint,145
4f24b364-3fef-445d-a3dc-3a47d7994c0b,Munchies Honey Sweet Trail Mix,406
5f40deac-6c6d-484f-bc08-364acd4e2ad8,"Doilies - 8, Paper",461
c86830f2-ce63-4a62-84fe-16f3cd46955e,Kippers - Smoked,160
13dbbc7b-b82c-408a-96cf-43fbd0579e50,Truffle Cups - White Paper,174
8763e141-a078-4538-9bc9-6ee85b611941,Puree - Mango,2697
f2c855dc-1e42-495e-8bd9-51876b218dd5,Vaccum Bag 10x13,549
1a88f019-b29b-4472-9c65-08b3e91f2605,Beans - Green,622
90f9107a-5cc0-4d3c-b379-aa9c0838462e,"Doilies - 8, Paper",362
97a99021-ef17-4cb3-b291-96174f1fdc75,Beef - Rib Eye Aaa,66152
1da0ba6d-949b-4946-a515-fd59a08b7343,"Syrup - Golden, Lyles",254
8caaede1-7a6e-45b3-b369-34b669d21f48,Strawberries,556
774a78a9-2160-4205-bcfb-c68c863d7707,Soup V8 Roasted Red Pepper,195
475dcfe0-1ad1-49c1-8706-f0745145dfda,Cheese - Roquefort Pappillon,160
d804791d-f2f8-43c9-bb4f-e73c5e9d56d7,Chinese Lemon Pork,324
d0cb4c06-15b3-4e49-88ec-0431b51983db,Bacardi Breezer - Strawberry,6685
c4df8990-7dac-490d-bee5-e5e7350fefe0,Apple - Fuji,12171
bfa80067-f7c5-4956-9cd3-03dd4949e8fb,Cookies - Englishbay Wht,840
73bb8da2-f47e-4010-95ee-6676cbbb5871,Banana,73
c7998cf2-16cc-4f00-908f-1f233b9894cf,Tomatoes - Heirloom,412
f52b6e35-9cea-4e45-8ea6-b6f759aa7936,Pop - Club Soda Can,144
9de4f0f6-72c6-44b7-b0dd-95802c891481,Carrots - Jumbo,639
dea04bcb-d716-4455-aae8-b28ca051599f,"Bread - Roll, Italian",502
86d92bbe-c0a1-45f5-939d-6d0f4865ba8f,Mountain Dew,285
7fe1fdfb-7be8-42b2-a28d-0c134c099a00,Yoplait - Strawbrasp Peac,409
951cab87-c33f-4a37-8cdd-a93b47b03e33,Wine - Vineland Estate Semi - Dry,412
48cee19e-af1c-4b8d-baef-d7ec82d3545d,"Nut - Almond, Blanched, Whole",2667
7a03822c-e6af-48b9-9dd9-b308e8f0a100,Wine - Alsace Gewurztraminer,180
61308398-9606-4403-bfca-eb4d897d3b30,Whmis - Spray Bottle Trigger,143
a056c5bd-3816-400e-ac8f-a6365fb98976,Truffle - Peelings,105
d04e6575-e1af-4064-abb5-68384044f9cc,Beets - Pickled,292
528761ba-fb01-4dd8-bf08-c2122d26b2fd,Lettuce - Lolla Rosa,99
67eea57d-8391-45cd-86ae-593e364e1bcf,Veal - Knuckle,659
5bedce23-de20-471e-8658-a7e02785d249,Pepper - Orange,1298
c57a097e-118e-402a-b2bd-93a9ec67353b,Bread Base - Toscano,2818
bb3273d8-1d03-4038-a40c-5d594b9b53d9,"Beef - Chuck, Boneless",1433
ce8cef74-ba46-48b2-a1ae-c8903e258d52,Pickerel - Fillets,261
5b3adb27-a86e-42b6-9117-44fcd869dbf2,Ecolab - Hand Soap Form Antibac,226
30e32c98-6913-4ab1-9613-0038186e9f5a,"Nut - Almond, Blanched, Whole",595
38c0f771-ba1c-4c83-81f1-8454f5855155,Milk - 2% 250 Ml,831
f20adc5f-6491-48e2-9fb6-d9abcddc1eb4,Mussels - Frozen,870
abe97178-3dbf-479f-aff1-473fdecfe1a0,Coffee - Egg Nog Capuccino,3306
35edda7c-aba1-4ffe-8de4-23d51e6dd2e7,Cheese - Comte,393
1d9e47f0-f9d2-47cc-a262-d3f68d56706d,"Pepper - Black, Ground",81
ba223c32-8daa-4d69-8b3f-4dac1f42cb7f,Calvados - Boulard,339
52ca99e7-fd52-4ce8-a001-ad694314a77c,Sobe - Orange Carrot,29
5e59ff98-3f12-4cd1-8183-cf25c59f03e7,Beef - Tender Tips,497
a225a132-a723-441f-9fb0-41d8997929b9,Mushroom - Lg - Cello,684
f2fee6c5-e7a0-4f08-9e27-bacca0cc7b5a,Olives - Stuffed,796
b2665fd7-0fc4-45c6-9c58-02db1c2d93a4,"Artichoke - Hearts, Canned",290
84b73803-8c57-4be2-bfc7-48b6319abc77,Relish,1202
70a90e49-11ae-4e36-83ff-64b10bef8119,Mix - Cocktail Strawberry Daiquiri,508
ace6b942-e465-4488-b124-701f7817e5bb,Cookie - Dough Variety,1262
024f2bf4-0d50-43ae-be3e-502205c4678c,Rice - Long Grain,1208
2561ecd5-eb1c-4452-beb0-e694c69d0afe,Wine - Manischewitz Concord,719
ea6b735d-0f65-4180-8499-bf0890d4b1c6,"Jam - Blackberry, 20 Ml Jar",331
afcc2215-e48a-4870-a929-87d85d469af7,Pasta - Angel Hair,464
3d7fc9d1-e2a5-464f-9fd4-9898088e0d53,Ice Cream - Chocolate,1243
7c201bb8-64c7-4177-8f69-185423863d31,Lychee,819
8a8cfc0a-e4c4-43df-b801-47318766d6c5,"Salmon - Atlantic, Fresh, Whole",133
815f8672-19b6-4c6b-845e-1e81e7b195ca,Cake - Bande Of Fruit,431
c464847c-c1dc-4891-a1c5-3bf1251eb2fc,"Chicken - Diced, Cooked",47
d542991a-58f9-4dcb-9d3b-a034ea57ad6c,Wine - Fino Tio Pepe Gonzalez,1642
39a7ec47-5926-4fd2-93ba-70812563e144,Beer - Sleeman Fine Porter,1363
032c96ae-f574-4879-821c-51c263a695e5,"Pepper - Paprika, Hungarian",1383
9f413437-9714-4fce-a102-f701e0aa5bae,Grenadillo,469
67982480-6f49-4a2f-8605-306ec61a1baf,Compound - Raspberry,490
47c6db20-3acb-4b41-a5c9-78fcaa6c8a9e,Wine - Valpolicella Masi,236
3908808f-13fa-493c-a997-b56a1627a3e6,Wine - Ej Gallo Sonoma,209
b67bac90-0fd0-4f64-8f61-ada81d2cde4a,Cookie - Oreo 100x2,623
0ed185cc-7ba2-45eb-85f0-ea7ad3b2cece,"Nut - Pistachio, Shelled",1076
7ea17f50-a629-4a85-af01-5bf9e1d1a7cb,Water Chestnut - Canned,1124
ae079dcd-920f-4e8a-ad2a-f34b74041f52,Apricots - Dried,3490
55f8f2d6-8a70-41dc-a61f-b4c4659f4161,"Cherries - Bing, Canned",755
c2a74128-d499-44b8-aaaf-f58b46d2ab7e,Artichoke - Fresh,234
02c8d1c3-7992-4429-8b8f-e1b6230e1013,"Syrup - Golden, Lyles",438
2c7a24e3-23b6-4e97-9743-8d268d984137,Wine - Cabernet Sauvignon,300
d14e115d-6a4e-48ec-9190-10d350b80584,"Tomatoes - Plum, Canned",80
158646e7-d921-4866-880a-ae18553b3273,"Stock - Chicken, White",451
f43b1937-4f21-4be0-be91-ed2ca4fe6255,Muffin Batt - Ban Dream Zero,266
b0455f14-33e3-49b5-9673-49ac28b46802,Carrots - Jumbo,454
7f06d1ec-de36-4556-b6f9-9d75aca5983e,Wine - Prosecco Valdobiaddene,554
9aaa7508-22a8-4ea4-8245-3b0577a3e385,Muffin Orange Individual,286
d7b85f76-a688-4df8-92a1-5ba2a95acdda,Bread - White Epi Baguette,197
8a3ed6b4-df62-41cc-93fe-ec1803f77b07,Lime Cordial - Roses,1413
d9b01271-076e-4779-894a-839bdaa9f653,"Wine - Red, Antinori Santa",325
43042abe-4a1b-48a6-b2db-cbdd5bc81d3d,Plasticknivesblack,220
20f20536-6262-470b-bb8b-a98071606017,Muffin Mix - Lemon Cranberry,205
73f869fc-df95-48f4-b988-67c6103f670a,Honey - Lavender,561
f6b47dfa-7586-444f-91d5-4c2f29e260c0,Sage - Ground,2557
6420bd84-8a71-43ae-b4d6-f2c742933fda,Chocolate - Liqueur Cups With Foil,491
82a6010f-44af-4946-a849-8805d2b95307,Cleaner - Pine Sol,490
59b318e2-62b9-4f31-acf4-80042cc8adde,Pepper - Orange,158
5f969234-d2c2-4dd2-916b-cc974f147dbc,Salt - Kosher,41
e478a53b-5b07-48ac-884a-4acb2fc0ea09,Pastry - Apple Large,67
1901bbbc-567a-46db-9679-3928f2a77154,Oxtail - Cut,3630
e6fa479d-46ab-4138-800f-892319277e98,Appetizer - Escargot Puff,84
a245b7e6-8d5b-4d7c-98b5-98795eea457f,Muffin - Carrot Individual Wrap,391
ec37dee2-51b8-4ca5-bfa0-1f945a8ab609,Oyster - In Shell,87
1a8bc68c-6061-4809-8d5e-9463d272cb84,Sage Derby,407
13dd2e41-ae21-4371-bc91-6ee1515c8dfe,Scallop - St. Jaques,163
88a020a3-56a7-4cea-a569-e354c785a684,Longos - Penne With Pesto,713
ac7f197e-2ef7-4126-b809-fdb82b07e41d,Green Scrubbie Pad H.duty,785
635190ce-99f7-4a49-b308-43dd73420739,Ecolab Crystal Fusion,751
e6e75462-9aa7-4518-ae1f-2c77fcd8032e,Bay Leaf Fresh,113
4140c8cb-178c-4603-8e09-354efdef9da8,Milk - Skim,1275
00e7073a-e89f-43b0-bd3f-3c5d8d0126b7,Wine - Bouchard La Vignee Pinot,707
bb3cb460-05dd-475d-92eb-bdc112989378,Beef - Bresaola,1345
af34a390-d0d1-4d63-bb02-e9f1e9d36b09,Beets,472
4cee4c0f-808c-4188-a411-fc45594b1b64,Liquid Aminios Acid - Braggs,413
c3154af0-50a3-4b51-b667-02bf351bdc1d,Dry Ice,1886
d159a413-47a8-4c49-b254-12af5944fc6a,Lettuce - Belgian Endive,175
c9d9a0af-ee92-42ee-81c9-3191d6ab75db,Cookie Double Choco,421
0f358a3a-3f57-49f5-8e31-4f8c1db104ff,"Veal - Chops, Split, Frenched",1423
8a890532-df4d-4e8e-9782-61eff62f6ccf,"Octopus - Baby, Cleaned",169
75a759c1-07c2-428e-a6bc-cd0e2b6f0847,Venison - Racks Frenched,949
38a7aeb8-3f41-47be-b551-5e4867d99015,Dried Apple,519
bfa62764-f5b3-4d85-811f-123f978044af,"Ranchero - Primerba, Paste",329
f3bb0091-3db3-4396-a603-28bb10d58721,Soup - Campbells Chili Veg,53
e893af4d-0889-4181-8b1e-46a1abe0d47f,Wine - Masi Valpolocell,10011
fa9353a0-3db0-43fa-98d7-a47f9977ef26,Beef Ground Medium,1172
069e7d26-6d97-465d-9c32-4896748eb5ea,"Dill - Primerba, Paste",2029
e3ef2de4-ccc1-4493-b372-83c92eb32d57,Cabbage - Savoy,296
d9ec6fc3-692a-4b6b-a64f-9375f49bc386,Cheese - Grana Padano,65602
7694d7e8-1d4c-494b-83a4-fb000d05476c,Pie Filling - Apple,1199
b3467eb3-191e-4a10-b4c6-a4737944d563,Pork - Bacon Cooked Slcd,358
e65d60d7-3df9-46b6-b30c-fc380e1f62f6,Beer - Pilsner Urquell,256
e2d313b4-74b4-48b2-a78a-d20faa3fb4f0,Pie Shell - 5,1059
f0713b47-cc6d-41e1-9de2-2dc6c8ca0667,"Fish - Scallops, Cold Smoked",2067
ecf2faeb-0387-4111-86b2-40f6e2c34008,Barley - Pearl,547
f8ad3764-de86-458b-a4d1-c4c12c6b07c6,Fondant - Icing,640
79956db0-edf8-49a0-af06-d03bdef5a2da,Campari,787
657e9ead-36cb-4a79-8287-3dc4810938eb,Syrup - Monin - Passion Fruit,230
0700c067-aec6-4e09-b04e-b72e8184b5b8,Eggplant - Regular,326
d52d0ae7-f0cf-4726-a507-9acb885b6431,Wine - Chablis 2003 Champs,928
8bd5ad0d-9f43-4de9-bd46-055ad621aed1,Goat - Whole Cut,46
d32c8789-53b3-4157-a52f-925919131784,Jameson - Irish Whiskey,1000
a11d9d99-ac74-4954-b183-31d580a0d1d4,Crackers - Graham,6596
4d188daa-8d71-4d28-a560-6d259347f61a,Longos - Chicken Caeser Salad,541
c943b2d7-bc9b-4187-a855-6c12a9b30bf2,"Fish - Scallops, Cold Smoked",191
e7faa341-5f57-44db-83af-cc9350d55c6d,"Fish - Artic Char, Cold Smoked",640
9ea7c652-d60d-4366-a30c-d9304c047a20,"Beer - Alexander Kieths, Pale Ale",898
d83ba7f8-a136-48ca-998d-75b88c90f0d4,Kellogs Special K Cereal,704
8df59f38-820d-4430-b395-06b04471718f,Extract - Rum,466
993b4110-c20f-4773-8fc4-f4b83a4c7db2,Cleaner - Pine Sol,947
4c6d291e-2d83-4380-816a-066c8ceb0a32,Sour Puss Raspberry,1451
222ecadf-4a53-476d-8846-749a24b4d078,Lobak,719
244f96af-bb31-4d65-8eec-ec570516075a,Beef - Montreal Smoked Brisket,55435
61673afe-af06-4752-84c1-e78ddd3325fe,"Pasta - Canelloni, Single Serve",839
2b921313-e9a9-400c-a320-1754e68ec418,Soup - Campbells Asian Noodle,1669
2262c034-cf05-4ff4-97a3-03fd99ae49f0,Cheese - Stilton,749
93062108-e516-44d3-852d-b5a89c1f43af,Flower - Leather Leaf Fern,751
452696f4-04b5-4bf0-b2ee-c60d6ca894f1,Hipnotiq Liquor,380
7bfc9f89-c680-4e82-a295-7d1ec172f19a,Towel Multifold,484
0e9de8da-453d-4efb-8c2d-912c9411bf4e,Longos - Chicken Wings,33
fb777d7c-e571-4b78-a1bc-228347998bb9,Cup Translucent 9 Oz,338
5e262d71-cc82-4557-8080-34060cf94ed9,Pepper - Gypsy Pepper,711
a323b222-8eee-4bda-a10e-6d3e6d04bcc6,Bread Roll Foccacia,9379
2f8607ed-1e25-42f1-838b-2e7880c0682b,"Pork - Chop, Frenched",222
fdc7a8c3-ddd9-4fbc-ad63-3c84ccdd5f61,Tamarillo,389
c43a9a77-9520-4062-90ef-180b2b2fffe1,Oil - Cooking Spray,395
0270d28a-c546-46ce-8aec-3cc5c7b307f8,Amarula Cream,3195
192e166e-07f5-4e22-b91c-da27b8692e76,Veal - Slab Bacon,387
1af35d9f-1d73-4aff-a1c1-5c2b466a460a,Garbage Bags - Black,254
e01f160a-9416-4186-89ca-d7a864fa78cb,Beer - Mill St Organic,528
a6d0d74e-3a7a-4871-a8be-5dee564f6068,Truffle Shells - White Chocolate,417
bca5eef4-bf0f-4d8a-97bd-30c874419048,Pepper - Red Thai,163
3500f7cd-ddf1-47d7-9454-eda0875723bf,Potatoes - Yukon Gold 5 Oz,494
21a32e7f-bd6d-4cac-935d-6f23379949f8,Stock - Fish,391
566f1e16-0c00-47d6-b5f9-9e647e89bb9c,Danishes - Mini Raspberry,742
1e0ec487-1d77-41cd-99c8-9ffa9edb180a,Hog / Sausage Casing - Pork,405
0fea93d3-0ade-4771-b275-e50ceaa614f7,Longos - Penne With Pesto,100
4409227f-fc2c-4fc1-9588-cf4f3d09d97b,Coffee - Decaffeinato Coffee,1244
dd83d8b7-1232-46ef-8df6-7bf3a99b647e,Water - Tonic,327
968b4d97-b095-422d-80d4-61d802cc09f1,"Juice - Pineapple, 48 Oz",258
bc6b9ea8-1c30-4675-9d85-58f46f7f5c26,Banana - Leaves,119
0fb4c5f6-302e-4d6b-b069-a3502a4a3223,Chevere Logs,148
1e6476cc-391f-43e4-8317-dbf55203353c,Salmon - Canned,777
671724ae-ea67-4b49-a25c-53edd9eaa92f,Trout Rainbow Whole,729
58ac997a-a5c4-4b96-9170-f5ea0f3f2562,Mousse - Passion Fruit,458
282abd4b-8e13-4291-94af-e5d0188ed3f6,Bread - Rosemary Focaccia,1013
a88a615a-ed7b-4039-ac35-48afbf771f83,Vacuum Bags 12x16,187
3712ff9b-f10b-4791-8717-832d18f2533d,Limes,231
de94d21f-a2e8-4968-b957-05b48d4bf141,Chocolate - Milk Coating,217
da41ea01-639b-4ce7-9dbc-30cda63d20d9,Pineapple - Regular,331
da8d6eba-d61a-4544-9937-ea6a6ff714ad,Pepper - Gypsy Pepper,467
f3de6d5d-8be0-4b19-92ec-beebeb62dfae,Dc - Sakura Fu,534
2e7e090e-817f-4a0f-93e7-ae92bddb055f,Sproutsmustard Cress,280
1e2df122-8679-473a-8fbb-5fcf8632afe8,Water - Perrier,621
a4691bbb-7cb0-4ca9-8846-3ab52088296d,Sauce - Cranberry,1050
8ba5ce68-416a-48b1-870a-b3db613caee2,Ice Cream Bar - Drumstick,162
81686621-0d84-4b67-aba1-24ac36821818,Rootbeer,243
5af08620-7ba7-41da-8b79-5394b93caada,"Mushroom - Enoki, Dry",245
977d0f97-b466-4cba-977c-eec673160e2f,Tray - 16in Rnd Blk,3472
3d80031e-0cf6-4b39-bfcf-d1ac10fbc6c7,Coffee - Decaffeinato Coffee,119
bae8670f-13f2-49a0-a9d0-757bc39bc206,"Corn - Cream, Canned",326
60f7c9ad-52ae-4de0-8a56-17a4cd50da07,Chick Peas - Dried,115
435cda90-010d-4685-b6c5-b3ba26025f31,Pork - Smoked Back Bacon,164
1fc0a595-35d3-430b-a138-47b31f002834,"Rice Pilaf, Dry,package",726
af1ec2ae-8af0-442c-a58d-1f7f82f4da0c,Mix - Cappucino Cocktail,534
8a88692c-7e9b-4b0f-b052-04f983fc2cbe,Worcestershire Sauce,814
11cdf1c6-71cb-4a4d-94ee-758f3e1cafd0,Beer - Moosehead,8396
0da67c6a-5b9a-4a2c-8cd5-18bfb5d84f7d,"Lobster - Tail, 3 - 4 Oz",137
b88ca43e-84ba-4c31-a923-6c11ef7682c1,Cookie Chocolate Chip With,750
f2e504a7-6236-412e-b6a7-4e5c1a22b89f,Rice - Wild,1841
c46f466a-b691-4f8e-8344-d03b036c1b18,"Stock - Beef, Brown",1069
e9e93d21-d1d5-4825-8de4-6f430fe29e02,Soup Campbells Mexicali Tortilla,464
97c372ed-414b-469c-90fe-edba6e93740c,Cheese - Comtomme,565
f8f8c3bb-2577-4488-b131-382c61e0ae63,Lemon Grass,124
f91bb0cf-5f02-49c5-afb9-c3f75616ac86,Cheese - Brick With Onion,3408
7d521662-d65d-413e-a61b-615a69c43f8d,Cheese - Brick With Onion,13561
0be94115-b727-4b3c-9fbb-8ace334d8c7b,Beef - Striploin,466
8a582aac-3212-4677-b1f9-62d154a981a5,"Lettuce - Mini Greens, Whole",484
08361076-3f07-4575-bcaa-13524dc65809,Steampan - Half Size Shallow,179
342c6cfb-6680-4871-a29e-af9e4836b60d,"Syrup - Golden, Lyles",358
745c2f94-e62e-482f-8712-17c62c045f8f,Table Cloth - 53x69 Colour,3028
9ea3d95f-1369-4af2-b0d3-52cfd05b1cef,Flour - Masa De Harina Mexican,91
8d8d6b75-857e-406b-8470-58bf52bd1adb,Bread - Multigrain,647
b4de892a-249e-442b-a3c7-4851336ef8af,Wine - Piper Heidsieck Brut,727
260685b2-d211-470d-8e4e-f4c6b6a51eee,"Asparagus - Green, Fresh",814
f3b73cea-0087-414d-8182-89abf80d0bc0,Horseradish Root,188
580c4742-3d6e-4b75-bfc0-f9fa373d205f,"Wine - Red, Black Opal Shiraz",1535
6fd958cd-0a3d-4053-b821-2e838c44b0d8,Lamb - Shoulder,842
b1dead1d-b05e-46a1-a2d0-6842c5a415f6,Truffle Paste,306
9e0f3cc6-496c-41c4-95b3-7bbfe45db5d3,Cookies - Englishbay Oatmeal,303
71e67a36-7bb2-4935-a98d-3a0366cecdf3,Beef - Tender Tips,4771
d7ecb77f-f112-44ae-881e-f29a155b4d64,Table Cloth 62x120 Colour,54
e9ced0a0-4a35-41d9-a415-263a1d7d639e,Beef - Short Ribs,410
acab5af8-a523-4f7c-83d2-b8253c78be48,Coffee - Egg Nog Capuccino,483
1d0955a4-c5a2-4623-8f62-89301493bed1,Liners - Baking Cups,718
43931239-3297-45ee-acb4-7c4c27bf5207,Seaweed Green Sheets,158
42128e61-d128-45ba-8a39-77d87663e103,Onions - Red Pearl,325
84e3f772-db0a-4acb-ab4a-b3cf9b872a76,Filter - Coffee,439
42873aa0-8035-43ff-88a9-388641d16092,"Soup - Beef Conomme, Dry",395
2978819b-25cf-4098-9b3f-5081acfac725,Chips - Assorted,1640
9bed5676-4644-45f4-a6bb-21e388ef2d64,"Beef - Kindney, Whole",1090
26eae091-9620-419b-83c6-f9a17705f7e6,Napkin - Beverage 1 Ply,251
d1277df3-a026-4450-8318-417bb3e8ecbc,Cheese - Montery Jack,947
961ef6d5-d2bb-48ab-bbc3-aa890406554a,"Juice - Pineapple, 341 Ml",213
0783090f-7de0-4677-8473-f14c25d5e352,Spice - Montreal Steak Spice,335
4966233b-b71b-4bb8-9f01-9d18ace87941,Bread - White Mini Epi,77473
1834a388-7287-451e-87f5-457ff7336b64,"Quail - Whole, Boneless",273
3b50f3e3-0ea4-46c8-810c-d3c7d03aa178,"Wine - Magnotta, Merlot Sr Vqa",377
dc80c3b6-2c39-478d-a39c-d16418244054,Couscous,135
93977713-f496-4cab-81b4-d3abf38b7eed,Egg Patty Fried,36
de33bf96-cb5f-4fad-8a12-3e861c729e7a,Truffle Cups - Brown,487
2339131b-038e-4580-bdc8-d81db2fbdd6d,Dried Cranberries,290
1313d9b8-1561-4532-9338-78bc34c7ec80,Tart - Lemon,2883
bae4d5fe-0964-4f77-81f6-b450c43e8e2d,Temperature Recording Station,541
e596ea69-79aa-4183-86e8-3feb0c01d2e2,Ecolab - Solid Fusion,768
18538700-e86f-4dcb-bfa6-f6249924bcfc,Soup Campbells,429
093f5ed7-0667-4a70-8795-7e608ebd2f4a,Appetizer - Asian Shrimp Roll,271
f82a290f-fe73-4a02-aba0-14653568e3f1,Seabream Whole Farmed,667
2d4aa450-925a-4eae-b23b-6f8cc507b573,Eggplant Italian,355
c4814643-b6dd-4663-b069-58fde6c235ae,"Doilies - 5, Paper",76
51b61776-098c-49d7-8ccc-70d673b64ff7,Cookie Chocolate Chip With,134
975e9ba4-8015-4392-a719-023fcf5ed6b2,Cleaner - Pine Sol,85
9016ce14-0e12-4419-8b15-8ed8ad339ec2,Wasabi Powder,1006
f343db70-dc0e-41ca-9ae6-d5fd3c9c621d,Bread - Dark Rye,242
1395b7f2-36a4-4a9f-967f-80a14ae86e6b,Carroway Seed,2067
cef46951-15f3-44b8-9ae9-4d06e67623c7,Green Tea Refresher,984
6f37f83d-6333-4a19-81d4-95e96fcee0e9,Lamb - Shoulder,147
7de641bc-d557-4e83-8cf9-362174bd70ca,"Pepper - Paprika, Hungarian",1206
0cf3ea58-6c2c-4807-9a1c-f1b0bc1fde07,Mushroom - White Button,589
766925bb-42ba-434a-8bff-35a17dd09952,Goat - Leg,239
c01d4f84-53d4-49f6-a527-5511f910a1d8,"Oil - Olive, Extra Virgin",1115
74867d63-cc4d-46bb-b8f5-54d2d0538f2e,Rice - Wild,561
7b46abb0-3ed5-468e-9f80-18a2f71ba133,Wine - Sawmill Creek Autumn,541
69c0203d-fe0d-403f-9005-5d776b9f7888,"Hickory Smoke, Liquid",260
31eb34e0-601e-4465-9a62-abb3d08c612d,Truffle Shells - White Chocolate,700
fdf4db97-3f23-49f0-a7da-2c928d7a6cec,Cookie Dough - Chunky,5521
81ae2a1f-a9f9-4667-9b5e-b863beff4f49,"Chicken - Leg, Fresh",1156
81c46a55-f18b-4498-82d1-0151e2e2ce7b,Muffin Mix - Oatmeal,1036
53a1039b-df75-4a66-b1db-4c70b6ba30b6,"Melon - Watermelon, Seedless",302
4934ee3c-6509-48f1-ad43-4fdf00c571e4,Arrowroot,33
0a418da6-c1ca-4748-b614-c7248957edd4,Coriander - Seed,29718
fd859d2f-96d2-4bab-ac19-94bb53c78cc2,Godiva White Chocolate,178
e92a95c7-e54f-4576-a877-28aaaf613b4d,Carroway Seed,398
90176a44-01c2-4ff8-ac04-beb85e42a9fe,Soup - Campbells - Tomato,403
0f8f9c07-7686-4944-90fb-c34c82a89c04,Longos - Assorted Sandwich,205
71ec4ea8-e240-4330-a400-7ee7339fe6d7,Beer - Upper Canada Light,1218
08ff65f0-d424-4445-aef2-20d29a749629,Wine - Casablanca Valley,257
2fb83a76-330a-4ced-921b-a4924db834e2,Beans - Fine,5687
b77343aa-f52a-40d9-98f3-740284ee9b87,Basil - Pesto Sauce,738
5f0d89e5-a57e-482c-b9be-19f2a31e2ece,"Juice - Apple, 341 Ml",386
26f2ac69-9a4a-458b-be9d-51d8fc3a5882,Steamers White,523
94e71fb2-e927-430f-832a-1425cce4325c,Dc - Sakura Fu,367
860aa6d5-9298-495c-ba5f-8a7c91f87fcf,Straw - Regular,123
816fcb5a-724a-4990-995e-e7dec2f06e17,Rum - Mount Gay Eclipes,695
8a8f974b-c9db-46d7-a22f-1d4e41fd1eea,Puree - Passion Fruit,894
08194757-218c-4c8d-8688-f0efed555b6d,Wine La Vielle Ferme Cote Du,601
e43a9d71-0406-4869-9b6d-fa55f69091b8,"Pork - Bacon, Double Smoked",404
f7dc3060-fdee-4799-a2be-1a28414ec874,Sausage - Chorizo,1987
bd28b5f5-590d-4440-be09-46925196049a,Noodles - Steamed Chow Mein,3513
0578aeea-c495-4693-9536-28be840bbe64,"Carrots - Purple, Organic",297
2631213e-fffb-40cf-9bcc-78e9693b259a,Broom - Angled,315
b6cef53c-27dd-4195-88d1-c1c56c949f90,Cut Wakame - Hanawakaba,758
9f90093c-a3b2-4fa3-9f8f-daf613f75be6,Longos - Chicken Wings,234
df2e0334-a1d2-4062-9c8c-2e1962fbe3cb,Nectarines,742
a947671b-15db-44d8-9694-6d4600bbcd22,Wine - Cave Springs Dry Riesling,40
7801361e-e73d-4bcb-80f4-c38198b2f1b6,Soup Campbells - Italian Wedding,118
d5485126-082b-43ed-81a7-0a504bf593c5,Haggis,223
fd657f7b-4ffe-4dde-9284-5dc5aada990b,Cups 10oz Trans,861
d905bd5a-f327-4f8e-b1d5-0d2ec123f06c,"Wine - Niagara,vqa Reisling",237
beba30a2-dcea-43ef-baa9-73e9715bd315,Numi - Assorted Teas,451
044ecdb8-d694-45e1-98b5-cd06f7718b5d,Soup - Cream Of Potato / Leek,172
8e2bcac2-608f-478f-b4d6-bfc15230c42d,"Pepper - White, Whole",2570
baa010cc-7063-455a-ac28-a3b93648bd65,Mushroom - Crimini,427
789def10-d021-4abd-8e71-b78c3924e568,Wine - Masi Valpolocell,793
873f504e-3b00-4baa-af38-c7e5b02f0753,Wine - Pinot Noir Pond Haddock,187
7fba5629-4621-4d60-85d7-af61a7d50c18,Remy Red Berry Infusion,2218
7b05d637-c1e4-4a39-b65b-b4acd2475ba5,"Seedlings - Buckwheat, Organic",445
a3aa1df2-ce0a-45f5-acc3-027f4978c811,Flour - Rye,322
ad0a44be-1af2-42a1-b705-6e682c736ba5,Sour Puss Raspberry,61
047634e5-6fd8-408d-aa60-ca826ba06431,"Wine - Red, Cooking",311
4f874343-7fb5-4201-8a76-4c44c0c82d36,Syrup - Monin - Blue Curacao,841
9d7dcb21-4612-4cf2-a6f6-58b3f1f35039,Beer - True North Lager,148
bff6b1c2-d804-4c05-9136-2d7946b638cb,Lobster - Tail 6 Oz,1966
ecb768f7-f22c-4e2b-a00f-573b8bd040d9,Ecolab - Hobart Upr Prewash Arm,137
05f50f03-9268-4ac5-9f10-ed71ed132f27,Cheese - Bocconcini,1299
b7d0c01c-e94e-4635-bdae-2bae0c5fca20,Seabream Whole Farmed,59
543ebccd-23fd-4c8c-8693-39038f7426ad,"Pasta - Detalini, White, Fresh",629
08685f34-8858-4a73-8378-1bd8ad04bdf2,Oil - Grapeseed Oil,408
9f4db92f-2849-418c-aae5-7117dcb5986f,Wine - Shiraz South Eastern,4945
c9f4dca5-b8de-4ffa-b3ca-755ff2a04142,Wine - Placido Pinot Grigo,608
630b775a-3b29-4cb2-8df0-14ff8b42a4e9,"Sugar - Sweet N Low, Individual",311
f73dfd9e-2794-42e8-99f4-fd6167e637b6,Raspberries - Fresh,144
d05ed663-004f-4c57-8a79-56d737a9984a,Sterno - Chafing Dish Fuel,5385
0b49801d-37b8-4399-b566-66b01d3a9c35,Cut Wakame - Hanawakaba,36
4abc156c-ab36-4fdf-890e-04452aac74ba,Tarragon - Fresh,259
c84ec348-9d86-47c6-8756-6d332cd8be0c,Wine - Prosecco Valdobiaddene,44948
1bd534b4-df3d-4b6b-a560-e4cd3ea7a788,"Pork - Chop, Frenched",10954
178c7f29-38ec-4374-a007-3122dd410957,Chocolate Bar - Oh Henry,197
859fd656-df74-4f73-b0d7-f034b9d7b70b,Pastry - Cheese Baked Scones,835
56011e3e-35cc-48d7-9515-b7f6b0f6a4e9,"Coke - Classic, 355 Ml",2124
a15e5088-b7c8-473d-b4c3-3a898cb82bc2,Kiwano,2729
d2dac1b8-130d-4465-8c11-65b5c8886584,Butcher Twine 4r,438
a5d4a2e2-7f2d-4dc9-9109-fed2f820d450,"Pasta - Rotini, Colour, Dry",125
25e8c8b4-0ca1-4264-acf2-36791a22c694,Butcher Twine 4r,1592
8f2d7211-0496-46f9-b7dd-871deba6569b,Wine - White Cab Sauv.on,550
b085da6d-988f-4279-9947-926b374094d5,Barley - Pearl,159
cdc3ee1a-32e8-494b-8a1c-66c1a952e08d,Quinoa,682
ea0c9c1e-d616-4973-9dad-12eff9b2c4e5,Puree - Mocha,679
ea2ee41c-8b26-4d91-9663-4bd14ad611b9,Spice - Montreal Steak Spice,1932
4618ba35-a482-443e-bacf-26b2581c08a4,Ham - Cooked,53
4cb3bc07-d3f9-4aa2-879c-2f8b83ce2dac,Flour - Cake,415
eafdba9e-d74c-4d36-9a99-2c466c4c1f68,Table Cloth - 53x69 Colour,1073
5afc80c2-e705-4f52-8a68-cebdbe882aff,"Oil - Shortening,liqud, Fry",110
b897cec8-fc8b-4a5e-8806-48d5be102eab,Juice - Happy Planet,1218
1935b6c5-5e12-4d1c-96b0-a0f775cae7e8,Oil - Peanut,316
c665eae9-ee04-4c64-b552-16bbd2fb17dd,Bread - Flat Bread,415
a2f5745b-5c7f-44c3-8260-e2f3e926987f,Dish Towel,227
a4e9573b-2b47-4e16-a146-0076933b008d,Soup - Campbells Pasta Fagioli,480
2b767140-9352-4038-be12-a41f8ec94f3d,Beans - Butter Lrg Lima,151
8d463c0a-a741-43cf-9f82-97abe54f71a3,Beef - Ground Lean Fresh,376
5aa9de28-ac70-45ce-8cad-bcabf1a41f15,Soup Knorr Chili With Beans,977
6f8b226c-53f9-4b15-9185-74a1f83da880,"Beans - Kidney, Canned",221
1cf30952-67fa-41f9-b0ce-a49f305f0684,"Soup - Knorr, Veg / Beef",792
473a7cbf-f32a-4a33-866b-8f6ca613d549,Broom And Broom Rack White,1333
986b6e66-c9f1-4794-873e-861b31e60cb3,Bread - Sour Batard,54
d6986689-712b-4c7e-b1a1-ba3f9f6e5243,Island Oasis - Ice Cream Mix,1035
bc088472-5f56-44f8-8c39-f3302f21aaa5,Soup - Campbells Mushroom,154
aa5cb402-66f4-4b41-9b7e-f90bc2dd4794,"Wine - Red, Lurton Merlot De",84
6e6353bb-9acd-421f-ab55-701a0fa91b63,Wine - Soave Folonari,194
8d24d16b-100a-4ff3-9366-2318443381db,"Tray - Foam, Square 4 - S",90
96121559-30ed-4c0b-b708-c8029f3eb6a6,Wine - Tribal Sauvignon,2818
53c4635b-fa81-4d59-827e-1c88f16ed793,Salt - Sea,1141
a2d97485-c136-4fd1-82b2-d531f5b9b4ad,Sorrel - Fresh,68
991c88c4-400a-4b5e-be0c-159419130a10,Lotus Leaves,346
23810840-f1af-4f0f-b990-f594117a5f93,Coffee - Frthy Coffee Crisp,2982
ea7bad57-c44f-4416-aaea-045a641d9d77,Vinegar - Sherry,467
d0c3cef1-14d0-4e77-9e24-47601e6f529a,Chicken - Tenderloin,733
22757818-7e20-451d-8fe5-ea5a939c603b,Mustard - Pommery,16671
620811b4-ef3f-4239-bbe9-c15510983ffa,"Tortillas - Flour, 10",694
29fe30b2-a99e-4217-8448-38b1f90e83c1,Wiberg Super Cure,2003
1053c1d1-2f6a-49d9-8163-0918886c6ec3,Tomatoes Tear Drop Yellow,122
68305474-c029-4284-98b8-dfad5af21ad3,Chicken - Wieners,491
9c9fcf7e-c860-4bb8-8f4a-2e6fa643d235,Turnip - Wax,557
73a9cee7-3594-43a9-83a6-d5c626f1a092,Cheese - Goat With Herbs,455
624f8ec9-e502-4a69-8059-c152fc3dfb96,Onions - Red,223
cec88868-edc6-499b-9167-0f4ac51b810b,Bread - Mini Hamburger Bun,27
6952fe5f-fdc2-4b03-bd37-dd0aa2a305c6,"Pasta - Penne, Lisce, Dry",1641
c3e2c80a-7819-4843-a3bb-f635d6df115b,Sloe Gin - Mcguinness,384
1ffcc395-8943-4317-a82c-e727d958f256,Pheasants - Whole,3696
bfabc7ea-5338-44a0-83fd-0dbfd945505c,Laundry - Bag Cloth,363
241edc47-5820-4020-bbb6-c95116b47416,Eggroll,6148
66300875-7819-4571-8998-ba932eb8d913,Cilantro / Coriander - Fresh,2020
f8ba618e-0bdd-443f-bcf6-d52e186d228e,Wine - Domaine Boyar Royal,484
c2f61722-6064-4645-ab84-0c303d598b12,"Sauce - White, Mix",369
3eac025a-93a7-400e-97f7-19b153eca3d3,Cookie - Oreo 100x2,187
861f657b-5ded-42c3-bad8-c1fa09c294e1,Potato - Sweet,425
b656622d-01e0-4c3e-997b-e44d55743323,"Cheese - Cheddar, Old White",1391
0c9c6451-dc93-42b5-acc7-818abe196b41,Fireball Whisky,540
8bc633ef-b68b-4431-95a6-9f42fe1adc7d,Asparagus - Frozen,29105
7a8e8277-6d92-4741-9b1e-ca5895342c16,Water - Spring Water 500ml,402
1c140a70-3fbf-455b-a13a-55cdb59a4f30,Crackers - Trio,158
df825799-1bb4-4aca-8afe-5ffdc660b31a,Nut - Pumpkin Seeds,2186
b2a71ab2-7aca-42f9-8d98-723c0471d839,Kiwano,541
d9c7642a-cd12-439f-b425-3741f8413e77,Chickhen - Chicken Phyllo,502
5548d61b-2ce8-4126-afd6-9be37d038304,Monkfish Fresh - Skin Off,704
51f62dca-5d21-441b-8969-03070b429326,"Soup - Knorr, French Onion",741
b92d599b-68df-4a77-b6e2-f2e6d1d01ad9,Bread - English Muffin,613
0f889623-3032-453a-b37c-b42a75bd18cf,Turkey - Ground. Lean,704
190f9171-010e-4555-9c96-79deff04eda5,Cheese - Parmesan Cubes,7854
0b542f62-0962-4080-895c-080070e5f7e0,Lettuce - Sea / Sea Asparagus,542
8b9aba93-9229-4e12-a64a-fbc3601ebb8f,Irish Cream - Baileys,842
14d5bc44-4e65-4f36-8247-ea5dd509103a,Peppercorns - Green,108
fccce862-115e-4ee3-9427-0b0631aeb0d1,Juice - Propel Sport,1090
8ee43ec5-177e-4bfd-96cf-c89392ee3b01,Beef - Ground Lean Fresh,692
14998600-f503-411e-9145-21522dd8081a,"Lemonade - Black Cherry, 591 Ml",120
c42b4425-9c67-428e-8d9a-bc1c63fc2101,Bread Bowl Plain,1125
b6c39dc8-565d-49ef-8171-52597e9ae48c,Banana - Green,342
c2965c97-d2bb-45f0-b676-59d82570b9a1,Cookies - Fortune,3085
68922337-2b85-4739-89e1-0abc0aa6632a,"Beef - Rib Roast, Capless",210
a7a42904-fd26-4174-bf5f-36a833947ebc,"Chicken - White Meat, No Tender",582
3bd9ad75-c8a0-48a2-b29e-9777adae9374,Clams - Bay,715
0c31d36d-e10f-4e20-955d-aaa8d64e3c70,Duck - Breast,392
4ed959bb-74da-4455-ad06-db1f97920ae3,"Rum - Light, Captain Morgan",64
fb5e18d4-901d-46fa-a5d5-17239f415279,Tumeric,1175
a023d796-1bfd-4582-8071-658a21f990ca,Miso - Soy Bean Paste,1018
6931b985-85bc-4f8d-a0c8-c83c6fb060d6,Bread - Pain Au Liat X12,231
2971a9b9-64ef-4470-ba7b-5a2834d3db5b,"Nut - Almond, Blanched, Whole",336
86caac38-c67e-4d5d-ba68-ecf1c0390727,"Doilies - 8, Paper",204
f4c81e6b-6f68-4502-a922-ab93597006f9,Scallops - 20/30,314
3f3acc3c-617b-4db4-9e01-dd8c53c0f307,Cheese - Mozzarella,1170
b0f56852-2156-4d58-b8fb-23ac84cf137e,Seedlings - Clamshell,1003
add58e2a-c822-42e8-bbd6-9891bc6ccaf6,"Pepper - Chipotle, Canned",3421
67a13501-bcc1-4808-9638-f80bd00878f1,Bacardi Mojito,568
fc5ba837-9068-440f-a62f-18da6f776940,Silicone Paper 16.5x24,420
66c4d94d-e88b-48a0-bf59-d95d43df59c2,"Nut - Almond, Blanched, Ground",31353
1a8a3b8c-e750-411d-96d8-41a6e4cb1ec9,Pineapple - Regular,49
7ed942cd-e89e-47be-b7ec-3e26cae56b56,Yeast Dry - Fermipan,120
e0f6890e-bd5c-4e44-9b13-2c49d48c3412,Bacon Strip Precooked,1066
b83b07f9-1291-4d12-be08-6e1623be3111,Wine - Gato Negro Cabernet,1389
7c145428-5867-49dd-b5b4-cdf957677fe7,Veal - Provimi Inside,2256
a9926970-bdc7-489c-b8a3-1fee380ae657,Gelatine Powder,738
0f6c33cb-44fd-46fe-9625-a8b163e09558,Truffle Cups - White Paper,3022
3c002b66-2bd3-4f26-afa3-832fecf1dcd9,Puree - Mango,317
7ee896c8-9978-403f-8e35-42458026634c,"Pasta - Gnocchi, Potato",137
9aea732a-2d1d-448d-ae49-0aca047f2046,"Beans - Kidney, Canned",516
b99e8ec6-e387-4f22-8926-995bd1a6cf5e,Spice - Pepper Portions,1616
e24f97b2-3e87-41ed-a642-86675decd696,Mountain Dew,290
78e39ff1-796b-4a49-93c5-c9f912cbc3e9,Cookies - Assorted,1552
3f5f260f-45a7-4662-8b71-a831a4c03764,"Wine - White, Chardonnay",523
eb884fde-0fca-4bdc-885a-d24dd3b3a7e8,Mahi Mahi,2383
bd18acc7-c81b-4782-a557-b7e871a11f65,Tea - Grapefruit Green Tea,821
c3302287-88be-4fd7-9999-74b5d07d5102,Pears - Bartlett,844
35716a69-8094-4f75-8387-92fbcabb339b,Butter Sweet,111
82ec4785-d414-4734-ba3e-d96be45a88b1,"Ecolab - Orange Frc, Cleaner",1483
53e5cdfa-2762-4dfa-9c2f-5d40003fade6,"Beer - Alexander Kieths, Pale Ale",190
cdb0fb9f-1aea-4acd-8b39-106057dd5dc3,"Nut - Pistachio, Shelled",608
d3a52d7d-0e79-46ef-a9ab-d55e6fa22707,Veal - Slab Bacon,103
1f05d563-bdf3-4723-97cd-b1085ea3910e,Onions - Vidalia,264
396328de-30a9-486d-b152-990c4a231107,"Pork - Loin, Bone - In",424
bc1ec804-cffe-40dd-b8e6-08a2c1d88fae,Tomato - Plum With Basil,571
33e8067d-ea11-44c9-a58f-1d84723285f1,Beef - Diced,797
bec1d7f9-571c-4616-ac26-2c6fad83f7d7,"Soup - Beef Conomme, Dry",20
272bf0f1-f058-4ed4-9e6a-d9510da5be39,Beef - Top Butt Aaa,466
02b66680-2871-42c3-b7ca-ff0d3fb34c6c,Water - Tonic,7203
49406371-87ad-4bd2-b162-84d273bee455,V8 - Tropical Blend,223
4fb57442-e7b9-4d93-babe-8b801f29b6fa,Milk - Chocolate 500ml,615
3ca9008d-bbb0-4597-b7b8-d68cb70afe12,Oven Mitt - 13 Inch,787
1762a8eb-967b-490c-bf92-94339e5fdf2e,Avocado,357
f3849dad-ef0f-4f72-a17a-57b31390c74d,Longos - Assorted Sandwich,17975
85db4e94-5fa0-47ef-b010-119d56ecf6cd,Steam Pan - Half Size Deep,124
85607514-6d40-4bc7-a035-40f2d7be245e,Cheese - Gouda,415
6e4c01e3-6b23-4f38-8284-0a5ced7e617c,"Quail - Eggs, Fresh",235
4c53f536-3b9c-49ba-807a-d3f407efc0c5,"Wine - Red, Mosaic Zweigelt",253
6b0092f8-4417-4b8e-8285-5fe3da2a4458,Wine - Alsace Gewurztraminer,2416
3cf3f450-0b85-4dc4-954e-a8e3178ea713,Chives - Fresh,802
10c13c72-4a01-49ae-bfe7-9ff7befcb94b,Fondant - Icing,12463
e20b0ce2-c522-47f1-83cc-8912986c9185,Food Colouring - Red,1667
00fa1bc9-f721-4e41-8489-1cbdb84bfe59,Lid - 16 Oz And 32 Oz,398
d773127b-4501-4a88-b3bc-a2ec71ddbbef,Soup Campbells,798
fb0eded0-b932-4f6a-86b5-2218204e1b89,Salmon - Sockeye Raw,826
19dbf082-47c8-4e7e-bb6d-4157056d67d0,Muffin Orange Individual,2460
fc1b307a-0af6-445e-8473-0f570a87704e,Oxtail - Cut,725
38fc0b0c-4b08-41a6-939d-06ad42a70f46,Calvados - Boulard,381
4ce0ac38-bd9e-40d6-84cc-9d95274178e1,English Muffin,1022
fc422a0f-7a7e-40a6-a163-85c2b09124c5,Mayonnaise,1440
f9f1cc8c-b097-40d7-8a1e-db86b906d759,"Zucchini - Mini, Green",1019
3e55ca67-34cf-458d-942a-018c9690bd38,Temperature Recording Station,3575
f732f995-3771-4250-ab1a-625e4e38ae8b,Potatoes - Mini Red,399
11c50030-34f4-4f84-b631-d0284116c5fa,Lid Tray - 16in Dome,1235
e67e17a6-3f45-4f3a-a2ba-f1d9a458edd0,Dried Figs,2548
4acc5013-eab5-4da0-8288-f9377359fd0e,Nantucket Cranberry Juice,87
4efdb715-f87f-4931-984c-218db14f3132,"Lettuce - Romaine, Heart",134
ba58e753-8093-4074-922f-3db3ef6f9aa6,"Cake Circle, Paprus",1491
96d49b1e-5481-45f8-96f0-b876b3bfcb3b,Pectin,34
454e314a-98d3-4832-a287-7cfab0eca8e3,Miso - Soy Bean Paste,360
185afe08-7a79-4ec1-b845-7035f5996ef8,Pop - Club Soda Can,34343
f82e57e1-21d7-4874-8e65-2ae009233a28,"Lid - Translucent, 3.5 And 6 Oz",160
983ad8c9-cfda-4594-b788-20382dfab36d,Nantucket - Pomegranate Pear,314
e5e71b11-c085-46f1-8775-98a803e23df8,Clams - Bay,108
8a9b098b-1808-41f8-960c-7f41ca86d878,Anchovy Fillets,377
f7f46d68-90f9-4989-840a-cb16443beb86,"Tart Shells - Savory, 2",5539
109c5cd3-c7cc-4782-b282-b8c0982ddc75,Potatoes - Parissienne,645
679b9ef1-ea9d-4b51-b4f8-9761027948b7,"Wine - White, Ej",466
ea235e31-25e3-48d5-a9b3-1fc2e41bcb4c,Pepper Squash,338
b5eddd03-4b9e-4356-8e17-1d9229f4d7e9,Red Pepper Paste,3609
b3df12fe-0a3b-467f-88c7-3aefc4ebd996,Spinach - Frozen,539
2efccd52-5fac-4d46-8282-6190bb176ea8,"Nut - Pecan, Pieces",497
6f131445-9a62-47a5-8da4-24ded5dc8353,"Beef - Bones, Cut - Up",573
fb5e7feb-83f2-4822-bc82-9b2232ebcf8d,Soup V8 Roasted Red Pepper,965
93afd4f4-51f8-4f27-95c6-90d1a136cada,"Jam - Marmalade, Orange",623
c297eb2e-db6c-4758-be8b-b6c8b8987c09,Amarula Cream,325
8457e310-e4c3-4367-a820-b954041f95bd,Sprouts - Corn,325
9528f4ec-3c35-44de-8fe0-08b32930d7df,Dates,661
7897a959-e010-4c50-9dc5-d32d75d1636d,Pepper - Chili Powder,674
67397298-0961-4c70-8f14-522de7363769,Wine - Pinot Noir Stoneleigh,1572
90e3934d-9630-4acd-875b-5df3d0b514c5,V8 Pet,115
220b9e1a-ff2d-4352-b3c0-58c91100ce93,Island Oasis - Ice Cream Mix,731
07cc7ee0-4758-4be0-9e77-78ed168a679d,Lamb Tenderloin Nz Fr,102
30589e81-d580-43ef-9e95-177b435822b2,Jolt Cola - Electric Blue,925
34a2bb23-e3e1-4ae4-ad87-3d554ef44d9d,Glass Clear 7 Oz Xl,483
9e409140-e08d-4966-a9ed-828560ca9e56,Fudge - Chocolate Fudge,1566
a7c21bcf-cf50-4df8-abf1-d20ef410dd8f,Soup - Campbells Chicken,55
3b756c8e-503d-4428-8345-12ba56ba5988,Macaroons - Two Bite Choc,1199
84de6890-7c24-43b5-b38a-f1c62aa4c6e1,Turkey - Oven Roast Breast,2579
f2d48c4f-5540-467d-a678-3316be208a1d,General Purpose Trigger,509
0a6581f3-2a14-4642-889d-3edae96af77f,Bread - Raisin Walnut Oval,3631
6ac0be84-236f-406b-b728-3b085c944f59,"Pasta - Penne, Lisce, Dry",94
8d55829b-3592-44ed-988a-f7bae13ef422,Muffin Batt - Ban Dream Zero,1861
dcb7d965-3257-48c3-afce-cf1f9d149496,"Shrimp - 16/20, Iqf, Shell On",245
61825a7c-95dc-439f-9ca7-9500f5fb2f13,Sugar - Monocystal / Rock,84
5c59822a-cbfd-444a-9c64-2a43e10b6e75,Cake - Mini Cheesecake,963
518c5b42-87e2-4636-994d-0b15647732d8,Wine - Alsace Gewurztraminer,307
e4d0d1db-15dc-4b54-a057-f8f0f511c807,Truffle Cups - White Paper,48
6e1dc1d8-acd6-47dd-b094-0ce893e80aeb,"Tart Shells - Sweet, 4",117
8d7170cb-d83d-4a2f-9dd2-7081fb5417dd,Shrimp - 100 / 200 Cold Water,558
063b0e0c-d68f-43cb-a7fd-c7656b46af57,"Rosemary - Primerba, Paste",1174
249b55a2-e16d-4b86-9510-b03b2a87f8c8,Arrowroot,521
f2dee2b9-989f-4a0f-9d85-aa2617f461c0,Cheese - St. Andre,2120
35530b80-a28f-4fd3-a556-2504321706b5,Wine - Balbach Riverside,1412
41b9448f-c2c3-44df-98b0-ba28bcec3723,Sauce - Hp,895
7cf0b35a-86f6-4517-b09f-cbabbffb9f2b,"Beans - Black Bean, Canned",238
fdb508ee-ce8b-4d83-b41d-8d21f5c80296,Vinegar - Tarragon,1202
31f37c8b-e159-4f8b-aae2-23ef8c6f16dd,Cups 10oz Trans,4600
841288a9-fd59-454d-8ad6-649a5d864a13,Wine - Sawmill Creek Autumn,345
8875dcba-5e01-439a-955a-ac624f4eb64b,Turnip - White,351
8e859146-98d5-4266-b539-761e68ec779c,Cake Slab,257
686d272c-429a-4ec9-bda4-76b9728d9d4f,Vanilla Beans,211
b9dee92e-2b70-456e-9b4c-ee1647d9fad9,Pastry - Lemon Danish - Mini,165
efd36875-39cd-4ef7-9bc3-9770cf516dff,Food Colouring - Blue,439
02eddc89-4e44-47ee-8693-3e4c67ce3ee0,"Chicken - Breast, 5 - 7 Oz",781
7143da88-fcde-4f6b-9a7d-e45c9316f2fb,Banana - Green,511
b1f966f9-6fee-4d25-ba09-3dbac2904b75,Tomatoes - Roma,887
efd1566e-f3f0-4995-a724-fa92aefd3d5b,Coconut Milk - Unsweetened,326
ead53fa9-cde6-474a-9791-baab0e4f08c1,Butter Sweet,436
aae62591-41ee-4dc4-a53f-00b5c46a9eb6,Cherries - Fresh,478
50b6d5d0-2de3-45bf-b788-3a220bda5ca8,Wine - Magnotta - Belpaese,574
8e858cbe-614b-41df-9930-dc486a04fc16,Table Cloth 62x114 Colour,787
1e72703a-2d78-4695-b7ff-0ddc9d258be5,Table Cloth 120 Round White,434
b9171e9a-6c90-40ed-b07b-dbb7f29e38b6,Nut - Macadamia,601
0e438073-3206-4ef5-a9e1-e93218edb4c5,Kumquat,364
4a2d7d17-e76a-4303-810b-c74881367e14,Muffin Mix - Blueberry,562
b5ebe3e2-e9b5-4e18-bf73-3c3010b5c9c4,Cheese - Wine,20
b0c98305-6603-48e4-8593-045c7f79e24b,Magnotta - Bel Paese White,252
34623817-2fd1-4f86-aea6-3e44aa4b8afc,Filling - Mince Meat,4089
7b5a0234-f149-4fd6-92c7-1088c34f85e3,Icecream - Dstk Super Cone,5122
0dcf8246-bf9f-4283-9d82-f020668dcf2e,Napkin - Beverage 1 Ply,290
47c43620-f22c-4b23-ae4e-be8d33d602f2,Compound - Strawberry,501
6e9fd473-ca9a-456e-8887-5521ba86461a,Triple Sec - Mcguinness,127
c8daf1b8-0aa8-4281-9823-67589932417c,"Stock - Beef, White",272
e71d1748-a87d-43f5-89a1-923bcc46e2db,"Yogurt - Banana, 175 Gr",1555
9a284f06-4d23-40ea-914c-7a4294d92f74,"Veal - Brisket, Provimi,bnls",614
fcd1f707-03ca-48f7-af91-5159a3725ba0,Parasol Pick Stir Stick,71
50e70a0d-8940-4e43-9516-b3b63712c17e,Carroway Seed,597
0078e6f0-e03b-40ec-8aa6-b6af6a8cd287,Tea - Orange Pekoe,225
f06fdf6f-e647-42d1-976f-14691bbc75c3,Cake - Mini Potato Pancake,1167
0f7a40aa-6615-4a7d-a7ef-aa7b8304c7e5,Iced Tea Concentrate,832
1645e9b2-ab92-4706-b934-ed82c9085220,Cotton Wet Mop 16 Oz,950
1f591b2a-ff3e-4980-87b1-a9151a911bb3,Chocolate - Feathers,102
2d654a5a-aec4-4726-b5a5-463f4e0e5b94,Water - Perrier,507
36a782b3-4b0e-4be1-8f28-4f8fd430d591,Radish,106
737cda53-7617-4260-9400-121b47783fa8,Cod - Fillets,1817
ad8f1497-3d68-4bee-ac84-0d554edc1501,Tea - Herbal Orange Spice,2928
a84da992-9ac1-49c0-828b-38df71e24100,"Oranges - Navel, 72",706
763a2141-00dd-43fe-9994-ab608097b581,Energy Drink - Redbull 355ml,431
169d3a26-42a8-49fe-a0fa-bd82d1e853b4,Syrup - Kahlua Chocolate,1217
be95b4e0-5216-4043-9b72-0c8b6cad4bd1,The Pop Shoppe - Lime Rickey,895
20be336d-f078-4acb-9e25-c20c72b367f5,"Sole - Dover, Whole, Fresh",127
e735b162-83a1-48d0-8604-f38fe5498f6b,Mushroom - Lg - Cello,33
1984d2ee-6906-42dd-b7c7-81dd3382c6b7,V8 Splash Strawberry Kiwi,261
03a721d4-6994-49d4-a79b-9409c17941f5,"Wine - Red, Lurton Merlot De",223
b5d6d91c-8431-48dd-95fb-33a22388d73f,"Marjoram - Dried, Rubbed",169
8c62e8b5-2628-4314-a29b-979706ee7f7b,Beef - Flank Steak,4996
4f5e1b31-0c64-4c44-af03-ea869ed75dd9,"Zucchini - Mini, Green",2651
d6501b5a-7454-4d68-b4a5-798b8580bb27,Salmon - Sockeye Raw,526
d92fcbaf-73c4-4cb3-9ccc-1a3008085b77,Chicken - Whole Roasting,7366
203daf61-0cb8-47f9-9359-d30f525842da,Trout Rainbow Whole,194
9b0e6271-f9a3-4f5d-8601-9936eaac0d8e,Squid - U - 10 Thailand,402
0cf7ad13-1736-4460-a4b6-56e14f893152,Mace,746
a4fdb1b6-3a9c-4811-989a-be4d12d75c9d,Cookies - Englishbay Chochip,499
485ac2ca-5ec2-4145-bfcd-81c22ae9210a,Pepper - Pablano,12005
54e32378-f9cd-4ff7-b881-0d3e49a56f32,Table Cloth 54x54 White,3518
8922c43a-f488-41f8-a2b0-4aa3a9ecb7e2,Muffin Mix - Morning Glory,226
8a81ef6e-b1c5-4f8d-8f50-78798600165e,Wine - Ruffino Chianti Classico,3694
5463dc1a-e3c8-4d5b-a11c-c8119187433e,"Yeast - Fresh, Fleischman",206
d55822c9-f049-4fe4-9d8d-ae1107536ee0,Island Oasis - Raspberry,473
fbf4fa1e-9225-4910-8851-370ed233b91e,Sping Loaded Cup Dispenser,183
8df8477f-b488-4af2-8e3b-584b08f81e1b,Muffin Hinge 117n,1555
37512b8e-b81d-4597-9d09-d4c623b2c794,Table Cloth 81x81 Colour,639
40fcde34-630b-4ea1-b3bf-d5825b6647ae,"Shrimp - 16 - 20 Cooked, Peeled",3310
8dfc8fb0-5984-47f0-a766-d1f0ccbae6b8,Slt - Individual Portions,4380
9db2c111-9597-4dca-abfc-70c205fc8364,"Pasta - Fett Alfredo, Single Serve",97
036d2183-4476-41d7-a307-1e5c73410284,"Cheese - Brie, Triple Creme",537
a83d60fe-279b-43a6-b182-cad83e1b8661,Coffee Cup 12oz 5342cd,269
baa36b5f-51af-4825-9bbf-f481e4775b72,Iced Tea Concentrate,317
94115e11-8f1a-4a0d-b21a-2fa7822790f1,Pie Box - Cello Window 2.5,991
7b327c9c-1249-4e42-9293-cff05cda2276,"Bread - Crumbs, Bulk",318
2bb969c0-e4ab-498e-abd2-b63581ed9d19,Oil - Grapeseed Oil,121
fd5dc3c8-97bd-482a-9feb-70e3eba78dee,Wine - Savigny - Les - Beaune,458
d3ff2245-3a88-4a27-a7a2-479122972c6a,Fond - Neutral,2281
00fe518d-1175-4063-b230-879470bc627f,Salt - Seasoned,2879
4297c9e5-47f8-4ab9-bb7e-6eabbc56522b,Coffee Cup 16oz Foam,368
c83c40c7-ff51-4f7c-905b-435f7fd73cd7,Sandwich Wrap,49
2deb5730-653f-4003-9a90-544984e009ec,Maintenance Removal Charge,87
2f073817-7d49-4890-8b3f-66a339471f4e,Scrubbie - Scotchbrite Hand Pad,151
63aa4466-34ce-4d55-88d6-3971358de446,Steamers White,265
c31613aa-50b8-490a-8179-0a69219b345a,"Flour - Buckwheat, Dark",194
c5dc789d-ad08-4bbd-94da-1c1b773452bc,"Nut - Walnut, Chopped",979
45a932b9-3a94-47aa-abb1-ade54c4f0c8e,"Juice - Pineapple, 341 Ml",93
6149daa3-9459-479d-bb1d-ac7e87851bdb,Beef - Tenderloin,343
55eba928-d4a2-4b96-b4cb-4e5fde1c86c9,Sour Puss Raspberry,364
efacd3d7-1eb2-454e-b5d3-e88e4dfe0046,Bread - Granary Small Pull,453
d4f24d8e-9a7b-4e7a-b70b-13ca3c0009bf,Lamb - Whole Head Off,713
7f82b6c7-8ad9-46f0-a7c1-62b5f582977c,"Bread - Multigrain, Loaf",748
f4d2abd9-c0b5-43ab-b606-db5c8bf70f4e,Ecolab - Lime - A - Way 4/4 L,8018
6528d79b-5336-480c-828c-13704cc3b1ba,Basil - Fresh,816
2cdc6930-3d71-48f2-a88e-a7430ee9103b,Cookie Dough - Chunky,404
0b38cf74-b5f0-4012-8b29-6b571e17ef3f,"Wine - White, Pelee Island",1234
3981e061-b3e1-4e61-943c-b600bf22f790,Cherries - Frozen,320
19372907-d7dc-442c-bc23-bfe49fdcb319,Bread Country Roll,807
f90d0c48-b276-4f33-8c53-9bb4a99f4a3e,Cut Wakame - Hanawakaba,690
fcdfab47-a048-4d5b-a77c-56526d0df536,Cake - Pancake,331
1795c2c1-3978-4eaf-bfe5-472da1dcfeab,"Lid - Translucent, 3.5 And 6 Oz",1308
c857ef09-5823-4119-ac7e-201bada37ca8,Irish Cream - Butterscotch,26
b5b5a5e9-c25b-4aee-a4ec-fef3b5947107,Cherries - Fresh,7820
a91c4541-67c7-4a3c-841a-77b1da842957,Appetiser - Bought,76
3a63a342-4bb8-444f-aadf-7b87cb97bf58,Lamb - Shanks,165
618e36c2-9cf3-4f17-b9ea-6d4b36f787f1,Cheese - Provolone,292
9fb2bb46-53a3-44ab-8e05-df4b0445bd0d,Mousse - Mango,112
1870ea9d-0fd4-4bb1-8a9a-2dd362dad974,"Soup - Campbells, Spinach Crm",76
f839615e-bcb0-40e5-85e0-1c1b8ca638db,Milk - Chocolate 250 Ml,13
e9592170-0df3-4885-a368-bce6b9840764,Oil - Safflower,995
11aba2a4-1637-473d-969d-d0a26ad00ff0,Rice - Brown,123
9c5fc426-4094-4faa-bd75-e86ff9cccdd6,Energy Drink - Franks Pineapple,316
4958361e-e2d5-4d63-84a2-6f447785121d,"Lamb - Whole Head Off,nz",1550
efd152ee-adea-4b7b-a1ff-dd85cac04d52,Muffin Mix - Chocolate Chip,711
15685359-717e-48bb-98fd-95274fa3a528,Tart - Raisin And Pecan,437
de72c2a5-55ae-4afc-b5cd-4557ba9f2e8f,Wine - Winzer Krems Gruner,547
0974d7d2-6ec3-4432-b01e-9d57e8f8d732,"Yogurt - Raspberry, 175 Gr",572
ea1dd9bf-a036-4648-b509-e65ea63598b6,"Chicken - Leg, Boneless",532
5275413f-a0e5-416f-a559-94e539ac63a9,Bagel - Ched Chs Presliced,1136
3396ff31-47cf-4a95-9d54-0933f879a2c9,Wine - Chablis 2003 Champs,564
2fa49d6d-6e33-4e0a-b364-5e3e058b7010,Sugar - White Packet,1142
443956dd-9698-4fcb-b1e4-ee28bacac729,Veal - Leg,649
0c990243-a406-406c-9bf1-09bf94dee724,Goldschalger,472
ef5837e3-e6c2-4fc5-ad42-166cf162a5f4,Bread Ww Cluster,419
7b69e666-4b6f-4d28-9754-0b9451b81377,"Nut - Walnut, Chopped",1587
88f22c55-7cfe-4281-986d-2e37957cb0ba,Chicken - Whole Fryers,199
2bb27947-c064-47e8-8631-09a219bf8e6d,Truffle Cups - Red,261
0418deb4-b851-4df9-938f-89b70de9c7cd,Pepper - Jalapeno,294
d25ab53f-4998-4b0d-bad6-3e475e6ad960,Cheese - Mozzarella,170
04984333-8859-446e-ab4d-d87d25e93b91,Cream Of Tartar,505
7126bef2-78ed-4032-8ac1-6533e9f00f09,Cheese - Stilton,3543
13f1693a-4b8f-49c6-86fc-bffe464958c7,"Juice - Apple, 1.36l",651
3aff9493-d363-46ff-a15f-5165563a3149,"Nut - Almond, Blanched, Ground",5194
ebfc8705-da4c-48ca-9135-e8e268c225d3,Maple Syrup,2307
af349d82-277f-426e-b06a-c62da76f86a8,Thyme - Dried,158
30a4e4ef-a119-4287-83bb-fb47e94c875f,"Pepper - Black, Ground",3133
98aa7cbe-058f-4fe3-8141-d6e611f23e64,Chocolate Bar - Oh Henry,79
ec9d212c-4a63-479b-9cb9-ee37dfbefe44,Veal Inside - Provimi,217
06d18ce9-9f6d-494c-b79e-62458100aa8b,"Brandy - Orange, Mc Guiness",298
475486eb-bc0d-4cab-9288-b9589a90298b,Snapple - Iced Tea Peach,305
e580dd27-5ec2-4264-bb05-ecd1f749d067,Cheese - Brick With Pepper,21
dcb67dd6-4906-48a8-8b5f-e5948c069e7f,Chef Hat 20cm,753
4364c865-6818-4cd9-9d63-bcd79e8f5bc8,Cake - Bande Of Fruit,725
235d54c8-dd53-47ff-b417-f8106b0f6f07,"Tortillas - Flour, 8",493
6f593543-a150-4584-9b2d-1cba2ff1072b,Lettuce - Frisee,582
f955db34-4835-4de3-9ba0-62c624dd81b1,Towel Dispenser,612
aaa174ec-431b-4ea5-8047-f9722afb2289,Latex Rubber Gloves Size 9,186
2158db0b-2ee3-4d1d-a9ab-e5a799a4e855,Pickle - Dill,203
