id,nombre,ubicacion
377a6598-039a-485c-836d-daf1fbf32238,Cooke's Map Lichen,Guanagazapa
9c339b9b-61be-45e7-9bb4-3747bb8e4d45,Alexandrian Laurel,Zangkaxa
dd0dd8a1-c63a-47e1-9e74-804e95b85866,Tuckerman's Sedge,Sladna
8bf84e18-03dd-4466-85e3-a13baa4edfdc,Orthotrichum Moss,Pasirtundun
76e1771f-adaf-46c3-841c-e717a9859685,Cracked Lichen,Mulanje
e4427886-217d-4a31-9d08-58d57cb90349,Fountain Fern,Ostrov
1e54da2a-2638-47dc-aae3-f05c9400e72b,Cape-fuchsia,Ýpsonas
bcb30177-eda6-4601-a0be-ac327b7bcf50,Colorado Desert Mistletoe,Najin
c7d4658d-6884-4151-aa87-8e8d576f8d85,Padre's Shootingstar,Myrzakent
7957abe8-e9be-4645-a9b9-fef0f614a3e7,Rhabdoweisia Moss,Altavista
d29699a8-be06-4590-8f09-530184894390,Gmelina,Vinha
15f3bf49-09e4-45bf-89fa-c87f1d2110e8,Campylostelium Moss,Ampasimanolotra
f449b9fd-c4aa-43bb-9993-3e618a1daed5,Bristly Hawkbit,Chociwel
25ab4ff3-a6ab-4a89-bb82-d203bd78ebe3,Arizona Honeysweet,Longjie
1d542fe1-c9be-4c17-adac-3d671626da9e,Sago Palm,Kalumpang
4fe2d569-8b14-4510-bee7-e4b64f26c13e,Kauri,no-info
0997dd2d-79b2-4b53-89ee-a73b6f70ed81,Spiny Hackberry,Des Moines
acf50562-e200-4b9d-8363-a48a026c7867,Hibiscadelphus,Kolyvan’
63233fa3-2e6a-4f91-b1d0-caff3655126c,Tricharia Lichen,Avignon
325f1154-c459-4d5d-b3b6-53f765b16399,Lesser Purple Fringed Orchid,no-info
c44db6bd-09bb-4f7d-8ac7-70cc05be60b4,Wonderberry,Kuaro
361157c8-f908-4b6b-bc76-872216e8217f,Chestnut,Beizhuang
b2cbd9ad-f1d1-4953-b8c6-7c54a3fa8ffd,Schaereria Lichen,Candon
e9f00dbc-3771-4460-bb70-408e90d6d63a,Fourleaf Yam,Vegachí
1036fc25-3557-4cf2-98a0-6bd18208ea9d,Giant False Spiraea,no-info
5e974f5d-c9b7-4fd5-b064-033fe5c16f53,White Shootingstar,Besukrejo
e04650f9-e532-4d4a-a387-c6bee55ba213,Bigtooth Aspen,Idrija
842079f7-a9dd-44e0-831e-872d01db0a4b,Haresfoot Locoweed,Nogueira do Cravo
215a5cf9-9436-4009-b041-eb37f96a6201,Bush's Sedge,Hekou
c48ea3f3-e718-4663-89e2-a000d8156cb6,Eggleston's Milkvetch,Loimaan Kunta
da2259c7-09d0-4927-baad-0e57ef21029b,Utah Rim Lichen,Estrada
1f770d22-ea27-4105-a3f8-ec194af142e7,Moving Polemonium,Pahārpur
5c8115fa-1e7d-4366-8883-b196659d92af,Streptosolen,Idalolong
519962bd-ebfb-4981-a1e1-98f8df60c6d4,Canada Wildrye,Kodra
2ba5f11d-765f-4cd3-8d82-304ddb289850,Subalpine Stonecrop,Balas
4d6c3f3e-861a-4263-b9d4-f9a824445d7b,White Moneywort,Shilovo
95bb6fe2-a6ed-42c2-9965-1a9a81221def,White Fringed Orchid,no-info
3e226b84-e7b0-4ec9-972b-b092b9a50537,Round Sedge,Xingcheng
c1fe5cce-085d-4617-8e17-dea295b18c6d,Ho'awa,Estacion
d5b32b00-0cae-4ec1-b991-219846643b04,Leucodon Moss,Lincheng
75e4fc63-3449-4622-b53e-ca17538f9359,Roble Colorado,Limoges
40f314b4-a81e-4b61-b5a1-b0050d5d3a56,Northern Woodrush,Dupi
3e8a8df5-feec-4268-a0de-ad711464dd96,Truckee Lecidea Lichen,Mestre
7a0f5502-d735-40d4-9fe7-9bc08b745e91,Shrubby Dillenia,Pitogo
1a52ed73-e7a0-45cb-b7fb-ca696fbf8525,Bartram's Orthotrichum Moss,Padangbatung
7e883d0e-3d26-495a-89e2-86801b93f4dc,Oeder's Plagiopus Moss,Växjö
9a61979a-ce27-4536-9b6f-7d1b70e64706,American Common Reed,no-info
c893409d-ade8-4a62-a352-0bd00c9851ca,Didymodon Moss,Borkowice
f5677d67-1b49-4a05-8544-6de607cb204a,Rusty Staggerbush,Gorzów Śląski
4940a3b4-725d-408b-9b86-291fd60d3ae3,Southwestern Bristlegrass,Opočno
d0f0777b-e2f5-4641-be77-b1288eeeacf3,Longbract Frog Orchid,Lebyazh’ye
f5ac0710-15b5-453a-8acd-c679d3eae8f4,Mangroveberry,Dallas
18e45544-8912-4376-ac00-344742c4dac5,Eryngo,Vidoši
2395e531-5bca-4121-920b-90a68b2e9ea9,Deane's Wirelettuce,Kcynia
f4d589d4-cfad-47d4-a6e4-be5def34ee5c,Blue Skullcap,Bochum
938ff746-7871-4864-bc58-8718da2e9a08,Common Chickweed,Weichanglu
e4f59e62-ff15-45db-b3b1-6295e8d5c9f7,Palolo Valley Rollandia,Sujitan
de191a3a-448f-4712-a73e-0d9f511e5e9f,Fremont County Twinpod,Cigintung
c4dd6341-eb7d-40fe-b7d7-02088e77c1c6,Columubia Rush,Béziers
e06cb8c5-f289-496a-9205-774aa8923c9c,Dropseed,Sanxianling
81962413-87dc-48fb-8faf-a6e8ff518d18,Crevice Alumroot,Goiás
fad95a45-213f-497d-8231-94c9f830e4e2,Blytt's Bryum Moss,Killam
5bdae861-8a61-42e3-a736-03a62fc334fb,Aridland Goosefoot,Wengyang
e3167899-c7f7-4523-ae3f-ca8b45b20d7e,Whitehair Rosette Grass,Salyan
f8119b06-fcb5-43ce-8f6d-2488cda673c8,Fendler's Lipfern,Jiblah
c4c3c62d-58b6-44fe-b074-251e97c1620f,Brittlebush,Johor Bahru
fad67d60-bdca-4277-afeb-41634e5d8664,Pitkin Marsh Lily,Baraguá
65802a45-4f62-4501-8993-9921b7327aac,Jerusalem Artichoke,Khiwa
823f24d5-6b6e-4b91-bee0-24aebc1ce7fb,Sonoma Koerberia Lichen,Velille
22a69c44-2120-4de9-af65-03d5eddcd97b,Grapefern,Mompós
5754364b-1154-46e2-9b85-7bdf037122a4,Common Wheat,Geta
d7d24f87-7367-40c8-80fe-fc3bed26e685,Wild Grape,Mufumbwe
b4160ed2-8083-4d2b-93e6-076ed89c19bc,Egg Milkvetch,Concordia
8f58b552-8b38-492b-93be-d5f5caff0912,Horn Loco Milkvetch,no-info
29fc5c34-42d0-4160-a5f1-40a0d09b9595,Canyon Gooseberry,Pavlovskaya
de1add34-2b0a-4fb0-b54c-f7f86125fbdc,Common Deerweed,Ilići
a40aba74-98b3-4ce6-920a-d0b8b28b32b6,Mendez's Sandmat,Callao
626d1871-38e6-4f1e-9307-d9c8a06439f8,Wishbone-bush,Извор
b29b5f74-6303-4761-a0fd-2df583854c24,Early Saxifrage,Joconal
7af9ec16-ea47-4619-ae57-6759b5d33ad2,Sand Pygmyweed,Jinan-gun
3e45c268-dc95-40e4-8b25-51d10e4b0d48,Menker's Lupine,no-info
6969075c-406f-4e72-8cab-893682665578,Orthodontium Moss,Orsay
ba513c3a-8e4a-41f1-b575-25cd15b2dd2f,Velvet Bean,no-info
da7bfa75-af6a-4b8b-8ca3-0eb4b694375f,Touchardia,Miami
3a6e2edb-4601-49f0-bc78-81ba405bf33e,Chickweed Oxytheca,Zhonghe
469c0ba8-000a-4256-8b7e-9fd4b17cae69,Granite Draba,no-info
127f5447-44f3-42ca-8284-5b3cb2041830,Rambutan,Grzechynia
c4192c30-a748-4572-b349-8cb067298af1,Paiute Buckwheat,no-info
be03a279-41b8-4888-9650-be96d84f2bd7,San Francisco Onion,Gala
8d9be157-d99a-44cd-a3b2-64d2558129ff,Lion's Heart,Strasbourg
f500178e-5483-4ba2-9609-9ffce8da6e02,Ionaspis Liche,Beicang
af1f6936-f8c5-4b12-b70f-988ce4dfad1c,American Alpine Speedwell,Sumenep
b5e5eb79-6d12-4a00-a5bf-cd2f92821f89,Gymnostomum Moss,Bratsk
07a7615b-5237-47f9-8fcf-62ae009e22dc,Smallflower Sweetbrier,Montor Timur
4fa507ee-0b34-4559-b4f2-0744a4cbcedb,Gooseberry Gourd,Oldřišov
fe56f600-0805-4b7d-86ca-479b420bcc7d,Bog Fern,Grand Junction
527750e9-2636-420d-a68a-a6a03ef5d02f,Cascade Onion,Nueve de Julio
0b66b1fc-6cec-48cb-b8ac-a9519ad6293d,Blue Skullcap,Portel
30fd6b9c-d751-43ef-9038-3af5591ac676,Bulletwood,Saharna
d4b1d7b6-2ae5-4f7b-a473-c96e506107a1,Roman-cassie,Ujmisht
a4ba40bf-7091-44de-96a7-10d47e588f80,Cane Bluestem,Gunungangka
536f7838-388b-4074-80cc-ff64406f8606,Subalpine Stonecrop,Qeshm
faa6a5d5-1a6a-42f5-ab18-1bee8c481762,American Nailwort,Contagem
30d45edb-535d-4ba1-abda-127f9d78ca76,Serpentine Monardella,Congonhas
4db0e09b-f0f1-4b38-bf3f-d472d39143f0,New York Aster,Marićka
0514b582-d4d4-47e3-b8e7-c582d2fa04eb,Texas Croton,Shambu
76731520-e166-467f-91ed-077494d07c1a,Stout Phacelia,Den Chai
be8b2fce-1b3b-41e5-aa2b-e55c6553e155,Longleaf Cupgrass,Tây Đằng
9f568aa9-c66d-462b-8bf5-453a837bd252,Hirschfeldia,Dejilin
6a86f6e9-b3dd-4914-ac6c-9d33d9bb5987,False Jagged-ckickweed,no-info
6705458f-aabd-4e47-9c06-57745003e114,Crescent Milkvetch,Río Guayabal de Yateras
918db3c8-957e-4646-8ae6-d228275ef0af,Matting Rosette Grass,Fengli
d0a98ce2-edc9-4dcb-9342-f75a200725d2,Venezuelan Panicgrass,Rizhao
6a2e3a62-4eb0-461d-b327-02c91a7dbede,Bahama Nightshade,Kaliningrad
535c7d23-5ef2-48c0-9c6b-69d28453be2c,Kerr's Milkvetch,Gununglajang
0ed13ca7-adc5-4903-8b37-b4eb583428c8,Swamp Milkweed,Själevad
aaa2a1e5-6c24-4cce-aeb4-949875cd47bc,Lesser Rushy Milkvetch,Mundão
48d15427-e89e-427b-b7f1-bb3857f9dcd2,Vetch,Lago da Pedra
bbb118bd-b723-4ae8-b16b-078097ea876e,Hawai'i Kauilatree,Sanqu
6123d687-9433-4488-91f3-ff74e8428b87,Oregon Stonecrop,Kiyawa
9c262da9-9dc2-40c3-a9ea-1a2cd554a3da,Henderson's Bentgrass,Krajan Jabungcandi
0e687dca-bc3e-4dae-b90b-6fad3f50c7b3,Acutetip Cup Lichen,Amga
8f993d8c-d3d0-47ee-9f84-368f9fb4baad,Tarweed,Buyende
6d302914-20a2-4291-b65f-33af8c296a3f,Allegheny Stonecrop,Domaniewice
bd886ed4-e132-4b06-b6c6-e1ae4421c4ad,Tucson Entosthodon Moss,Longfeng
4ad2652e-3b16-4fec-ba27-20fcaa5b5a28,Cape-fuchsia,Sanjiangkou
4984c92f-2a67-43f3-aa32-751007258cd4,Littleleaf Bush Penstemon,Shabo
3608ee56-e8c0-41fe-a55c-22c41993b084,Wool Grass,Nova Iguaçu
b2755918-d4cd-4fab-a977-8757c2e74f51,Orange Lichen,Sacramento
ff3c1736-9f69-4047-beb5-ebba9de93f53,Rand's Desmatodon Moss,Tëploye
8cdc17d8-b269-4606-88f4-c342233de3eb,Blepharizonia,Yuta
e0a04c91-3cc4-4e27-ac51-829009470896,Ophioparma Lichen,no-info
57e55cbf-2255-4d30-afee-ac495a6bc6a0,Smallflower Tansyaster,Growong Lor
d439a596-3944-4dfb-9b2e-697abaa207e4,Asplenium Fissidens Moss,Maputo
79f2ffb3-66ed-406c-ad85-4049803de08e,Mexican Tansyaster,Jinhe
f228774c-a74a-437b-a003-a44456b856b0,Eurhynchium Moss,no-info
28d0f5c4-4769-49bd-8a7f-10c24293a63e,Sedge,Bonao
2334c03a-559e-4926-adca-ed9e08be0e3e,Mollugo,Fao Rai
3c04b4aa-bbc9-412d-bea3-ae56d9465458,Shy Gilia,Datun
8d7a5fed-ea7b-47c5-86bf-488e8efd144c,Showy Gentian,Petrovskaya
1c6cf7e4-114e-47ae-8e7a-ce467292607c,Padre's Shootingstar,Yingcui
dbf0a725-ea8c-4eb1-b524-8f376238fb3e,Goldenfruit Mistletoe,Denov
4170447b-5fd0-4839-9a90-470e3edd72a7,Tropical Dancing-lady Orchid,Qinā
b76e6a6e-527b-4e4c-8b23-e3f158337e47,White Moho,Xiyang
cd7fc6d4-b5f1-4194-b7c0-25250a2c0cad,Waxflower Shinleaf,Camajuaní
95267c1b-c717-4c4c-b995-87ae38095310,Oxeye,Chittagong
bc4ed6c0-bef7-444e-b1dc-0f6bdbbb7676,Hardy Orange,Banjar Yehsatang
b0e94faa-223c-4d27-913e-27f0f79f8552,Yellow Nailwort,Viedma
abaa9e40-c339-4892-8ceb-839d0bbd5944,Mediterranean Cabbage,Wanbu
2859d550-ef76-4db8-a30b-f71ce9dadc6a,Chalice Lichen,Luodian
4b7770b8-1575-4c1a-951f-38087ae7eb3c,Silky Raillardella,Pasadena
a575e1af-f971-404f-acde-73ae41a89149,Fewleaf Thistle,Trinidad
7812fe1a-4cdd-426f-96a1-d3c1ffe4cd7b,Old World Forkedfern,Carvalhal da Aroeira
d9e6f904-d7cb-46c1-b878-0ea4e169a91c,Cleveland's Beardtongue,no-info
b42daaa0-3f00-4624-8c4d-7b83b066d2ee,Commelina,Leigao
4db6d3e4-6f9f-49df-ab98-c477f04b6e90,Smith's Buckthorn,Macklin
34252ade-10fb-4d26-ba45-456f85a735ec,Buckeye,Cibitung
ac135cf6-273e-434c-aeb6-55d3e00fe5d3,Intermountain Bladderpod,no-info
fb4d5616-1ab0-4131-9ae6-c41d3581104b,Cracked Lichen,Thul
79019a2d-9122-4967-b443-b407b34cd1c0,Porpidia Lichen,Novaya Igirma
73ce434f-8aed-4baa-b59d-8615c04f468a,River Hawthorn,Paris 08
459373f0-4ec6-458c-8003-78f09688348c,Field Parsley Piert,Ozëry
a7276742-8217-49d3-bc85-5ffeeffad20f,American Snoutbean,no-info
f4e90fbf-d33d-431b-997f-7705fa8441fb,Wild Crapemyrtle,Stockholm
3bf13c97-e446-413c-8206-7e1172f4c139,Gray Sheoak,Krajan Tekung
bb99e36c-3882-4155-9ff2-77ea18751bf1,St. Mark's False Foxglove,no-info
8dad8960-6ca5-44b4-bc37-c4cb50dca906,Smallheaded Townsend Daisy,Yunping
7dd5e560-e022-448a-97fa-c47742cf71fc,Brigalow Grass,no-info
1dc30a30-9393-45ba-b102-d447ca602c42,Shortawn Foxtail,Senhor da Serra
c80b9412-e577-4b0d-a422-671f80a9a3fd,Newberry's Milkvetch,Tunbao
88737c85-08d4-4776-a840-8a5d6cad9930,Virginia Snakeroot,Medveditskiy
5dd5b1d5-6bad-4765-90f8-9848a9606552,Idaho Blue-eyed Grass,Nanchoc
27949be1-929e-49bf-9ec3-95fa30bece0e,Cutleaf Coneflower,Bakau
fe06b009-6bf2-49b0-9ed1-c1c71e78dbcf,Sierra Suncup,Pantin
2f74f085-f930-48c6-a21a-20bd05c2ea58,Constance's Phacelia,Menol
f45ef4b5-0e63-4d42-a243-632872c23325,Bahia Lovegrass,Moxi
cfb64337-2294-46b2-b38d-907f66f1aa03,Australian Treefern,Annapolis
0413143d-15da-4138-a18c-336563f34eb3,Mecca Myrrh,Hankazi
8a6bf072-e2a2-4ffe-bdfb-65c5368118fc,'ekoko,Milevsko
09dfee81-0c67-49b3-9dce-9450a604b9b1,Downy Desert-thorn,Huddinge
bb9bf853-f725-4fb5-9367-01ee56fb7ad4,Mato,no-info
0460e52d-2ebc-4df1-bcb1-3e2dfc1c8c29,Canyon Clarkia,Shenavan
3d036985-8b28-4dde-a1cf-3ed02572fb2e,Florida Nutmeg,Yanggu
92d18726-d1a3-445f-bacd-838256f764d6,Dotted Smartweed,Kasli
277f3969-55d1-4f4f-a95a-f447fe3f095d,Cooper's Popcornflower,Ruokolahti
0c92c1e2-812b-4212-9ad2-5635b116b421,Kanawao Ke'oke'o,Nanam
11310e9c-edd8-49fe-a87e-5b1649121456,Parry's Aster,Kudymkar
809a9751-4b39-4ff6-b1bb-eb8f7bfbeedc,Golden Chain Tree,Potštát
67785489-a2ca-4ab9-af1c-1fb61288aae3,Arctic Alkaligrass,Jahāniān Shāh
96e83cc3-3e12-42f1-9b0f-f209f6d99363,Hawai'i Silversword,Juan Adrián
55bfbebd-34d1-4d15-a000-2a4c79fc3543,Lanceleaf Browneyes,Siguinon
90bb2476-8ec9-49d8-aa0d-edd84877c66b,Annual Stonecrop,Ninghai
2056cb69-7178-4f6f-b60c-1b1c4177b225,Oiticica,Cortiçóis
6d7b61ac-4b80-4cf0-8f69-08c87f839255,Mourning-cypress,Kajar
5acab8d2-e10e-458c-8842-f312361cc2bb,Fragrant Bursera,Kirgili
a859e43d-746b-4be7-a9c8-95f09ebdcbe4,Smallflower Baby Blue Eyes,no-info
10052741-c1b2-4e32-bc22-9f4bfc494ac4,Yellow Nutsedge,Kiambu
a6bf57cf-fa75-4636-a4f3-dc74712f98fc,Elmer's Lupine,Siao
ff785b57-19b1-4793-95c7-38b7ae53ac2f,Bonpland's Scribble Lichen,no-info
57915126-9b86-4da7-b950-e7a9ac435cd6,Texan Sugarberry,Omurtag
5236469b-620f-4c34-879b-5d2af0627faf,Dwarf Wakerobin,Ayabe
9aed9f66-c9e2-4ab3-883b-afcb851d33bb,Carson's Waterparsnip,El Doncello
795c2ea2-e63d-4b8d-b9ef-4a4a9614d694,Greenland Dicranum Moss,San Pedro
bf77c1d4-f7c6-441f-8694-28df033a1e46,Wallaby Grass,Xinjie
a73365e3-378c-4b13-8c52-a7e9467a85f1,Carter's Flax,no-info
d60b5f9e-2b19-44f6-a82e-fa65f49fed57,Narrowleaf Pinweed,Ituberá
bd7fe214-141a-4a50-9ae4-8e3f4b9c0294,Hoary Mock Orange,no-info
b7ccf3d0-7258-4d70-8a97-ed7cebf06028,Lespedeza,Krajan Demit
ca262bc4-c54b-487a-ad0a-635555453a1c,Banana Yucca,Varāmīn
db831303-5a09-4ab1-a8a5-350ee578f315,Sanibel Shrubverbena,Carolina
e515f0ca-dbf5-42e0-bf7b-0032700f1bc0,Lodoicea,Billings
83552b2a-d03e-444f-8ccc-ae3dfb2815b4,Cabbage Gum,Nombre de Jesús
802a3904-7c9a-47bb-ba9e-d097fdc58e6e,Intermountain Indian Breadroot,no-info
fa889cc2-0a29-4abf-97ce-e7b1ece374b0,Mudbank Crowngrass,Nida
1ba3ab4c-4cb1-44d4-bd0f-e8d5f3467d54,Palmleaf Thoroughwort,Youyang
b2a0e053-e9b2-4c83-aa46-0f71a14ff699,Payson's Lousewort,Little Baguio
905afd8e-ca18-404a-9a07-4b2b6a6ad05f,Petunia,no-info
0969d7b9-6e45-4067-8040-022cd57cfd17,Tropical Cowpea,El Cairo
52ef77d6-c5e2-4a40-a9ca-b44fd93ea5b8,Fringed Bluestar,Noemuti
552631a4-b511-44aa-9ed7-1216ee707b55,Pine Barren Beaksedge,Yunzhong
f20e8a62-6e41-4b46-bee6-52117f513e09,Didymodon Moss,Muheza
fd8e2098-b579-4011-be1e-2595ee980fb7,Tulip,Hidalgo
e5ebe5f6-c7c8-4384-b32b-21db20206ce9,Missouri Lambsquarters,Rangpur
08e8a61f-176a-407b-999b-4250710ceda5,Silvergrass,Chorente
da841a4d-d64d-4895-b60e-aef2b4813dd6,Matojillo Bluestem,Teluk Pinang
89f3c75e-e1ee-46af-93c7-306d3322ce23,Twospike Larkspur,San Antonio
c2e0a2f7-a04f-49e5-9931-d775953b6208,Spanish Elder,Manzë
fd2591b3-4f57-482d-be34-8517a09c0b43,Pygmy Buttercup,Vila Flor
9f302a90-5cfe-43fe-92fa-668a34d7c85f,Script Lichen,Wojnicz
3c9f16a2-28f2-4431-bc57-7ebb2a5cf931,California Buckthorn,Kondangrege
a22a1a79-e37c-42fe-a1b4-290b3ccc7865,Narrowleaf Silkgrass,Marisol
029192c1-4e2e-48a2-9f0d-1136282556e2,Beaked Cornsalad,Dengyue
8489b3a4-6828-42c8-8e4e-783fbf9dc9e8,Graham's Nipple Cactus,no-info
05526dae-66cc-447a-acd1-5f22aa3765d7,Idaho Goldthread,Chiara
6635d90e-6a58-407b-a286-e68adc4722d0,Scratchgrass,Zavoronezhskoye
ea7045bf-6e3a-4123-b84d-b55362dd9558,Oysterleaf,Delães
7d3bf20d-bdb3-44b2-95b4-c694aed212df,Cody's Rockcress,North Bay
d143a12d-99e5-40a1-841e-ab37933acfbc,Hairy Lousewort,Obo
0eb3afff-a212-4ced-a1a6-5577d5c06efc,Brown Widelip Orchid,Besteiros
6161a449-cf1a-4afb-a5c0-46ff00aef92a,Reticulate Silverskin Lichen,Guapi
e42dcf8c-6f91-48fb-87e1-20ca7e1a4478,Flor De San Jose,Nandulehe
b8e7c939-e607-4c67-a387-661c2604764e,Miriquidica Lichen,Załuski
accfc91c-07f6-4095-90d8-07710138ffd4,Puerto Rico Palo De Gallina,Okrika
fe53a6f9-b9bb-4eba-929e-718dccdef101,Whipple's Claopodium Moss,Changtan
6acaa13d-0c9d-46fa-b3a8-3749a33ef47b,Flyweed,no-info
4fb9f23c-ad52-4af0-a4a5-a4a1dac144e7,Giant False Sensitive Plant,Binhailu
5df8628f-2d88-4e4b-8e5d-98d707700ea8,Safford's Lellingeria,no-info
ba7597b9-408b-4c5f-915e-af6e6304fd12,Bering's Dactylina Lichen,Pemberton
d400ebc5-f62f-4b67-9e41-82b39e16026d,Flame Azalea,no-info
6b84c91f-6664-46c8-b8e4-f1f1b9a44a67,Godfrey's False Dragonhead,Episkopí
f68c9ca9-3623-457d-8b52-d5cfe3e8ed6b,Erpodium Moss,Lingda
188409cb-fde2-4bea-b8cc-4424c9064124,Longstyle Sweetroot,Shaochang
61ed0d2b-b98d-4c14-9fe7-a88d8fc60ff4,Whitesnow,Yanqi
7cdf6e00-acb9-49b8-af80-c5b4a9e1946c,Common Blue Violet,Munkedal
9a12def5-c7ca-4118-a64b-c1105564a99a,Canyon Gooseberry,Gif-sur-Yvette
776bbdc5-aa68-4b79-9104-1cd0006c9df1,Puerto Rico Halberd Fern,Kangalassy
6f9fe32e-23cd-407d-9790-76d93608472b,Physcomitrella Moss,Washington
a46f5fc8-1a90-4c29-9aba-80d913540ff8,Giant Reed,no-info
9d283fa0-46ab-4f4d-9877-0acb06c82ed2,Carolina Doll's Daisy,Pinghu
baecc52d-732e-49b9-8789-51a6c79567e4,Pseudovina,Fox Creek
f473edea-2b2e-44b2-a1c4-fdb80f19cc95,Glade Fern,Guanchao
0f73cf73-710e-4434-8652-62a5f31fa232,Nightblooming Cereus,Iralaya
329bb58b-25ff-451d-87bc-e8b7eb1a60a0,Keyflower,Askeaton
b7c49390-e655-47b3-a665-b8ca81c9376a,Greenleaf Tuckermannopsis Lichen,Sanana
03027423-28b7-4d25-ad1e-e7eb431dbbd7,Graceful Buttercup,Hitiaa
deccd78f-8843-46b4-82bd-c5aebad2bfe2,Atlantic Mannagrass,no-info
f7416bc8-1fed-4b52-b0f5-c53c658bf6ad,Broom-like Ragwort,no-info
6cbe0146-db09-4953-b4a6-200ba3f5a9c8,Basindaisy,Stockholm
18599466-0f02-4e96-ae25-61e09f08c33a,Jimsonweed,no-info
ff2873ce-f6c2-4a88-a9c7-0cab0b815b30,Fineleaf Fournerved Daisy,Sobeok
0fa5a0c9-f4a5-467c-878b-a03ddacf4e0a,Molokai False Lobelia,Eshan
bb19a0ba-deb3-4ad7-82af-1bde46f8a498,Slender Wild Cabbage,no-info
fba4af3a-cbad-496f-9798-7178cf51a707,Sulphur-flower Buckwheat,Nizao
4b3c76e5-95f7-4ebe-9abd-99ef1d16a2da,Needle And Thread,Boevange-sur-Attert
4d68249f-287d-4542-9a56-506e29f4b217,Gulf Swampweed,Kalangsari
9600b695-e8cf-43a9-85c7-fb0346f0f216,Mohavea,Odiongan
065f40be-f29c-4f61-b963-996276a545bc,Hassea Lichen,Sumaré
84c87303-7759-4227-9cc4-a498c87779d6,Ozark Witchhazel,Zhongyuanlu
4041525e-b398-4425-86f9-d29de9a19cb0,Lemhi Halimolobos,Suifenhe
5df7fd1c-ceee-4b87-bb75-c14041bde46e,Pygmyflower Cryptantha,Angoulême
926a86a2-d609-46bc-bd62-652ae0aa413b,Amblyolepis,no-info
ea48f3e2-e58b-48dc-841c-b7eebd9a02e4,Shrubby Whitevein,Ouango
c31b06ee-af84-4779-aead-064d9a5eb331,Lecidea Lichen,Göteborg
5305c950-fe2e-4f2a-96b1-d1839566e61b,Intermediate Candle Snuffer Moss,Komorniki
83bf4678-963a-479c-a002-80480e7b0fe2,Wright's Beardtongue,Severnyy
910e8882-7483-4245-abdd-85ddeaa41853,Variable Sedge,Merritt
a93a45dd-8328-4eb7-b385-26b9aba72d9c,Tortured Tortella Moss,no-info
d0090dcb-64b7-47e5-b7b8-7ea83db091cb,Morton's Canadian Milkvetch,Niandui
0a6825da-1441-49e3-9a72-048f3ba83bf8,Kohala Mountain Clermontia,Adelaide Mail Centre
8eb742b4-c4bc-4b77-ada5-940f7c211316,Wiggins' Cryptantha,Jiangwan
c4703c81-53fa-4c51-9d81-aa3476abfbfb,Arrowleaf Butterfly Pea,Piteå
3e3d2189-cebd-4167-93af-7378c5e891c7,Slender Popcornflower,no-info
7fcbf50d-8dcc-4e50-9b93-88f7dd7adc81,Roundleaf Blolly,Mojosari
31bdc8ef-c42c-4d8f-a5e9-e0bfb89c35b4,Melanomma Lichen,no-info
493fa24a-bb63-4b21-901c-34d71ea3f90c,Mexican Arrowwood,Marang
6d702595-7c20-419b-858d-6d07b7c95185,Caloncoba,Bayan-Ovoo
6130373c-34ac-479a-b9b0-1d99bcd909ac,Narrowleaf Mock Goldenweed,Czchów
d0ee2dd9-26d4-4bad-a654-8a5fad3f24f8,Elegant Amygdalaria Lichen,Calvaria de Baixo
2613c792-0131-4a8a-b83b-bfe2b767379a,Blackeyed Pea,Špišić-Bukovica
b9847cfc-e02e-453a-aadb-d368160712a0,Threadleaf Sundew,Puerto San José
f7a0fbe5-5f1b-4ec1-a021-d0974ce5d973,Freckled Milkvetch,Paratinga
8d8d13e3-30dd-40c6-aaa6-1d2212ed8e38,Heartleaf Twistflower,Campos Gerais
854aa5ea-4495-44f7-9b01-aeba764bf2bb,Antilles Clearweed,Norrtälje
3e528636-261a-48fe-967e-30b819cd5792,Campylopodiella Moss,Batouri
c94cbc2b-3abc-4a74-afc4-efe45042f112,Chenopod Brickellbush,Arnoia
b7ea5835-df69-4372-9efb-92f6c7494327,Southern Prairie Aster,Bairro de Santo António
d0a29aee-a571-45f4-9e30-c93f15bb5291,Chihuahua Pricklypear,Mszana Dolna
6f317880-41ac-4294-9899-8c45c140fe39,Compact Prairie Clover,Barreiras
40b430f4-885d-4f1d-ac6d-699f5395db8b,Obtuse Willow,Charleston
32c2e5ed-f014-498d-a93b-4c594d9b2896,Puerto Rico Yellowseed,Segbwema
029a3b94-12fb-4fbd-8d4b-48a9eee4518c,Berlandier's Trumpets,Yuetang
8dc9c310-8d44-40f4-9e91-5c65575139b4,Bur Oak,no-info
ff4a1948-ab98-4364-b773-dc1e2ba8366d,Pore Lichen,no-info
8bc68e77-42a9-4f9f-a440-433aa8b0a0fa,Puerto Rico Hempvine,Barreiras
7e0dcf88-a697-4659-9825-f016dda579ac,Candlewood,Gulong
e8df7ae0-e5f2-4715-98f0-0bd1c04f666b,Anamu,Sousa
1b614a03-c294-4a5f-af9c-0efc88e9a0b5,Black Mampoo,Jombang
7c0f2497-d2f1-4d63-b461-70be51ba1a61,Wreath Lichen,Kesamben
843054fb-380c-41df-bf7b-10cd58513e47,Rim Lichen,Kazan
accc9559-81ea-4ee6-92c8-ff346323a753,Branched Draba,no-info
1046f0e4-f34c-4176-a1d7-535d555f3985,Weeping Alkaligrass,Los Nogales
b7723860-5b9b-4851-88b1-94b5401ca53f,Colorado Barberry,La Esperanza
435f7614-37d1-4ab8-96e4-45705fb9321a,Small Burnet,Karangarjo
61126a88-54f2-4af6-a2a0-10da79a1fa9f,Wishbone Fiddleleaf,Liqizhuang
5310a03e-d413-4af1-9be0-7a1374a2435c,Medio Bluestem,Baiqiao
27474ad6-bd21-4214-a88f-67c630758e88,Willamette Fleabane,Lobito
3a95a2f2-91c9-4995-84dc-a2bfb66f0715,Prairie Straw Sedge,Tigarunggu
66d00f97-18e2-47b6-ae34-ff98f69190b1,Blue Ridge Sedge,Zhongshangang
482a7c9f-008b-4a7e-b605-100b1af10e53,Cutleaf Island Spleenwort,Qinā
f4972f9d-3f50-47f9-a8f0-3e46f3500e12,Strigose Beard Lichen,Souto da Casa
d42e892a-52a9-4295-a2ce-6ca186a004a6,False Daisyleaf Moonwort,Slobodskoy
8b0ae488-5b4a-46b3-a8e0-d579504db6fc,Bush Arrowleaf,Miguel Hidalgo
8bce9753-26bd-48e1-9805-a38df8d4e825,Indian Walnut,Maddela
4a9e3c66-6296-4db3-8b07-d513840d199c,Squirting Cucumber,Novoanninskiy
6c0a88ff-595c-4513-8ad1-973887fabacc,Appalachian Bristle Fern,Smętowo Graniczne
005868ab-2e9d-4f59-a3a0-668d540ce1a7,Black Bindweed,Stockholm
609e2cf4-8e1e-46b6-bd89-d559843472fc,Tall Thoroughwort,Cikijing
1f96dbb8-9b01-4cea-aeb4-b58f7757ac97,Blackseed Plantain,Dongshan
83045f42-902e-4e29-9f32-8e47781e986f,Sharpleaf Silverbush,Aranas Sur
b4b3f50a-81d8-474f-94dd-7e3d2d2deb5e,Ocellularia Lichen,Tofa
37922b5a-22fe-4fcc-bb6b-f3c5ecc187e5,Clammy Clover,Amagbagan
0771b764-e0ec-408a-97da-70fad2758717,Cusick's Checkerbloom,Dabancheng
8350e186-68f8-4a03-9d0b-0efb0923a177,Smooth Horsetail,Lantian
74353ebf-d253-43d4-a200-2d69c046ed9f,Waianae Range Wild Coffee,Södertälje
c16c4be6-bfb9-45b3-98df-9ad1b0beab96,Wedge Sandmat,Karangkedawung
8a4e7091-4a98-4c43-b112-3dd5440fac3d,Lethariicola Lichen,Kavarna
522048ed-69f2-4969-b5c6-041904d3f98b,Fendler's Waterleaf,no-info
24f8feb7-bc3b-423f-9d1b-887603995514,Purple Smallreed,Chemerivtsi
915f052d-ea38-4d8b-9c9d-12bf0f399799,Fendler's Threeawn,Cabatang
b0149431-e755-4b81-abd2-e41e899f27cf,White Sagebrush,no-info
780b75d5-37a2-4ce7-b8aa-c5b19757ab62,Haresfoot Locoweed,Beregovoy
f0083589-7ea9-4c4c-ba29-6cceb0e60803,Claopodium Moss,Góis
7a744eaf-2e3c-4778-baa6-e4a946d9e2a9,Twoscale Saltbush,Khryashchevka
fb360936-15bb-4a45-8025-fe2a8d4bfbe1,Giant Geheebia Moss,Thị Trấn Tam Sơn
f226da1a-b1c5-41de-a8f3-0eddbe6cdf46,Jamaican Beaksedge,Qiaoshi
a0de59ab-7587-485f-8adb-646dbadaf264,Scorzonera,Socorro
4d0ea43a-016f-4493-9738-61aa9acad9a0,Orange Honeysuckle,Cesson
b144f92b-56a6-4156-a725-c16c6c692378,Jamaican Caper,Joubb Jannîne
98ba143d-978d-4c05-80bb-fcd23998ee7f,Ives' Phacelia,no-info
ca7bfdc4-261b-43ef-9212-9b5816161071,Clubmoss,Klenčí pod Čerchovem
a40e7a73-34f6-4173-8181-535f004704a5,Ear Muhly,no-info
972ecccb-055f-4927-9694-2c681d943447,Variegated Phlox,Baiyang
915127c5-bf1f-4200-9c9d-fd4a28db9063,Poeltinula Lichen,no-info
b101a873-3aa0-481e-b6c5-3c58ab39365e,Woodland Wild Coffee,no-info
010d6283-3b1f-4e32-8c5d-20e2453408fd,Hawai'i Potato Fern,Saint Joseph
dd1a3692-64c8-44b6-b1f0-7f413da921b0,Fairybells,no-info
00fcb4ae-2a98-4b37-bbaf-f43bd7b7cd74,Lava Dock,Farīmān
48d45fe4-bde0-4f27-8f82-12b0d4b621ff,Stinkwort,Depok
0185cb45-fa38-454f-a504-6d7659630ce5,Crown Of Thorns,Ñuñoa
e86adaa8-09f4-4b14-9e56-ec0ed4757bfd,Alpine Arthrorhaphis Lichen,Ijebu-Ife
4d6aeea3-9cd4-4870-b60a-d05e1c725a8d,Speargrass,Si Ma Cai
62e5108a-e53d-41d3-b962-191077a5dd0b,Pleurocoronis,Najiaying
36b7809d-41f2-4588-88dc-9ae17baf40ec,South American Skullcap,Patea
f8fb7c11-5d25-492b-b149-6bbefcfeea6e,Bull Thistle,Várzea Alegre
fe3937c0-2e53-49c7-94fb-48ad6a93669f,Balloonpod Milkvetch,Maguyam
7a5d020a-6ba4-4bee-aacc-e5ad26df8aed,Persian Carpet Flower,Mentoro Wetan
023b8b83-54f2-44da-a49e-6f1b4b3082cc,Vine-like Moonlight Cactus,Kolwezi
50396426-4bd9-42d5-9935-eb90ed379b75,Christmas Cactus,Ribeiro
acf31d73-7f82-41be-be3a-c6ae7a515f9c,Massachusetts Blackberry,Dimataling
c878e76d-5c29-4ade-82e7-d30d9ac7772e,Smooth Northern-rockcress,Jiahe
6b350d9c-db1b-4099-a317-cfd5abf90384,Needleleaf Bluet,Guohe
b8637c3f-db4f-4c67-9b7f-df2dc208da48,Hairy Clustervine,no-info
deca81d5-9c6a-46d3-99a3-2423ff39cac6,Primrose Monkeyflower,Harjavalta
c6bef312-f3f4-4053-87b5-069766c33796,Laurel Avispillo,Miskolc
240c71eb-c1c7-44a9-9700-719b627625c9,Grapplinghook,Ron Phibun
83f02198-f5c8-4e54-9a29-fa1cefe6ae44,American Sloughgrass,Quốc Oai
f3b1a8e1-22ee-4867-8b33-9bb90b6d53de,Heartleaf Morning-glory,Naikoten Dua
824011e1-9384-4269-9109-d1cd45b2cdc5,Smooth White Oldfield Aster,no-info
232921fc-64c9-4c5f-8795-5a9c533e6550,African Cornflag,Argotirto Krajan
323e6e68-ad60-4011-9e16-43c23882ab55,Bladderwort,Dagur
210cd46b-398e-4c19-95a8-e9a54738d145,Amphibious Lupine,Maomiaoji
abb27eac-acaa-4540-86da-5592098acdaa,Valley Lupine,Huangtu
24c511aa-1cfc-4782-9bd9-9c10c82c65e6,Desert Tobacco,Luhe
cf001636-252d-4b18-b865-8bb1b9ee3523,Texas Thistle,Amiens
d32489fd-7f6f-4455-a552-15e057ebcb3d,Snakegourd,Gayny
98312a2c-18de-46fc-b771-604636618db3,Beadfern,Luba
6f784303-f06e-444f-9337-d0057a978bb8,Bulrush,Wukeshu
6e7c7e53-600a-46f0-9249-60c04c73475f,Coastal Woodfern,Manalongon
d61bc839-5785-4d0f-be32-e651c1813a90,Downy Phlox,Shushary
ab13b5c7-d71e-43d6-be0a-f291202da18f,Chiodecton Lichen,Enschede
a8f33474-2a9c-44f7-953f-f9fe6f6510b6,Violet-vein Viper's Bugloss,Glotovka
ff2262d5-332c-4297-9828-cb7eb6ba1a71,Conardia Moss,Calomboyan
11d159ed-0203-47b9-88a2-fc3466b7766f,Whitetip Clover,Mambalan
17e75e1c-d2ac-411c-bb8a-d3329dc266fd,American Nailwort,no-info
f2592e14-ea94-4167-b7f5-597b79fdd0e4,Summer Holly,Mrozy
4d568283-af4f-4de8-b67e-a00f4f116783,Grassland Sedge,Rada Tilly
3bbdcfc7-792f-4d22-add1-2dab131816d9,Spotted Lady's Slipper,Layu
b6b02370-8ae4-44c6-b736-1384030873b7,Abaca,Dugongan
58b493f2-8209-44b5-8565-131eccb1a587,False Lobelia,Phrae
7814e262-cb33-4cbe-9e88-facd2c457457,Florida Pimpernel,Bojonggaling
43385dbb-d23c-4ddd-acc6-e3ff090f9f3d,Redwood Lily,Sumqayıt
1669f414-9543-4bbc-9284-8a26d6da5567,Oak Creek Triteleia,Chefchaouene
392058a1-2e40-4b79-8985-953b0345909f,Shy Gilia,Shirochanka
4d211dfb-813b-4dda-874e-1aa8ab4f72bd,Payson's Pepperweed,no-info
6d436d6f-e18c-42bc-9d34-559e046c1db3,Waynea Lichen,Rymanów
ee491f9a-8158-4ea4-8e5d-f74289c912f7,Cusick's Aster,Sandnes
966f04a6-5f1c-4bfd-8310-97279fdb8aad,Spanish Clover,Pacapausa
efc960e9-ab06-48f9-a7bd-17851bdb4a6f,Siphoneugena,Shuangchahe
b1d88d8d-10ae-45b5-bb6e-741aa62f882c,Rutter's False Goldenaster,Jatinagara
34847ee6-ff44-40c1-9995-7bcded5c440d,Idaho Trillium,Saint-Louis
c3a5537f-1fb9-4850-8610-afd0be2f4654,Grayleaf Phlox,Cuilco
22bb1713-0fe6-486b-916e-1cc1eb61eea6,Pearly Globe Amaranth,Zagórze
f641e155-af73-4af3-b459-71bc81d8c7a2,Hamilton's Spindletree,Zhapu
97ac3f7c-2b9a-4c4b-83bf-f02efa642c22,Zion Buckwheat,Rudong
f831d458-6c77-4593-a4f4-8779328fb0aa,Sierra Laurel,Sydney
cf414974-7f78-400b-bfe3-b6463759cfc6,Monkeyflower,Zavidovo
1de6b79f-da73-4383-a64c-2f36ffc7d5d7,Cartilage Lichen,Jerusalem
cecaf8e6-4868-451b-87a3-a15ec6bfbdda,Sandmyrtle,Arrën
b531856c-7d35-42bf-84c6-f18e507da79f,Appalachian Oakfern,Whitwell
26daba3e-573d-499b-9979-4a08d518eb15,Largeleaf Phlox,Shuangqiao
ace57d55-9244-44f5-8f99-07bd40dba5bc,Plains Bristlegrass,Beicang
26c4e908-5e97-4979-85f9-9e42d5a84091,Koolau Range Papala,Paulista
34ddd97f-87b5-4251-adaa-b9f79b505577,Tinged Sedge,Göteborg
a00faaef-74cd-40fc-b53a-fa8fbf1fc46c,Hickman's Checkerbloom,Chaltyr
43f3ac9c-2c8c-4dba-8999-d0d4147c95da,Manchurian Monkshood,Aioi
0be532e2-75b0-4bf7-9734-93abf9aa25e6,Parish's Threeawn,Ariquemes
fb38dbde-de32-4d55-b833-a090e610c78a,Silk Bay,Clarines
25cb083e-0898-4e45-9e0d-545787f80715,Souari Nut,Reggio Calabria
a9010ae7-4fd0-4c87-83c5-52192b8344c2,Scaly Blazing Star,Youlongchuan
ed3dd2a2-6ba2-44b0-be16-c1c82812f043,Tree Lavatera,Živinice
3d2209de-2c9e-46c9-86e0-7656e0d4c874,Narrowleaf Goldshower,Putre
2b460147-2266-4363-a4e9-d00d607f6948,Cup Lichen,Núi Sập
7788ea64-7815-4e17-8275-9b6db8c637d9,Broccoli,Mondragon
9bd2556c-9d9f-4466-a423-a03ad79ef8e4,Hawthorn,no-info
55de7fe4-a7ba-44cf-bb70-82888bcf75d9,Carson Range Rockcress,Taizi
2f99c05b-cdd2-4e4a-b854-7bb0cecd6de5,Spalding's Orange Lichen,Bento Gonçalves
499b1543-8f08-44fe-ab46-e66517c88329,Summer Lupine,Bubullimë
cd0515d0-9944-4daf-b81c-94f7334ba696,Melanelia Lichen,Chunjing
122688c2-927e-42c9-b09b-5a79adc2145b,Sweet Signalgrass,San Bernardino
c04d1c19-f45f-4d9d-831f-d8fb74554195,Tree Mallow,Hekou
ece71446-f73a-46d7-96a3-8c3293f8af36,Strawberry Guava,Otaniemi
2ea270ef-7e77-44f8-bdbc-3f80613ba028,Sawtooth Lewisia,Stari Bohorodchany
88162738-2d77-4744-88fb-e4d67e04abf0,Bashful Ragwort,Zangbi
e0fd4629-c119-4a5e-8b74-4bfa577fd100,Glossyseed Yellow Star-grass,Tulle
12d9b653-3576-4d0e-9ba6-e52df4d8be3e,Basin Cryptantha,Xinshancun
927c8a15-218d-49c3-bfcc-4e5214c3bcbf,Gooseberryleaf Globemallow,no-info
81809acb-7af0-40d7-aa46-83e9461075b6,Italian Lords And Ladies,Torrão
c6380c6a-f0ac-4842-b964-5bdad94cfdd9,White Colicroot,Ostrów Wielkopolski
dcd6d35a-f202-472b-93c5-94915e734e46,Camasey Cuatrocanales,Pudong
d42444f3-d264-4b11-9702-cca207e19640,One-cone Clubmoss,Bom Conselho
72c82311-1315-49f0-8274-1f413d4aad30,Inland Rush,Mariel
d258acc2-ff18-4636-8b0a-56c93a30e791,Golden Trumpet,Norberg
2965bacc-a78a-41e9-969b-3d971d138bb3,Pinkflower Bindweed,Zdiby
4ce4d140-b44e-4ffd-918c-bcd62204c836,Swartz's Flatsedge,Além
3d8b3f68-1b7b-4714-9cdc-7ae910f5a88a,Common Hop,Kudara-Somon
3243e573-f228-4c09-a15e-c3ea29a2ba45,Violet Lake Colicwood,Huangcun
59124996-30cb-4975-9792-59b0a1850455,Sand Fiddleleaf,Kisanga
231b182a-da6e-4020-8848-7d0ead3ddd13,Threebract Loosestrife,Luodian
48ecfe92-87a7-4e17-8338-d5a94bd1d7bf,Tylophoron Lichen,Jianshe
987351a6-5628-4d2a-8977-0c9828cd3ae7,Rock Panicgrass,no-info
38869e5c-eeb9-4869-abd7-d5a843077ec1,Wrinkleleaf Goldenrod,Bayeux
77d6ad5e-afef-4d38-9584-d05c19d257c6,Lesser Yellow Lady's Slipper,Capiíbary
30a227bd-d170-4984-93a8-ede84ec93a52,Hawai'i Fimbry,Cândido Mota
5aabe0d9-a5d8-4906-8046-ce13330241a3,Algal Bulrush,Putinci
4a11b6a1-d4f2-4511-aff8-bdc951d557b0,Wassuk Range Bladderpod,Poxi
bec61c5f-1dab-41cb-bf3b-f6f9842844d4,Arrowleaf Buckwheat,no-info
7ef772e5-72e1-4ba8-aec8-ec64cbb5023e,Plains Snakecotton,Mawang
07c228a7-97b6-4c2f-a493-8bd143077845,Ponderosa Pine,Kingscourt
b99f4121-c158-4bcd-abf7-9ed98e05dbcc,Flat-top Draba,Parelhas
393edc1b-778c-481d-b551-18c1bd7f6325,Parry Horkelia,Nyachera
771b6386-e374-45f3-8dc1-22f59c1a3839,Pearly Everlasting,Maño
2c1fbc9b-bfe0-4ee9-b95f-de68ddd6152a,Lecidella Lichen,Yeghvard
87fb492b-6838-4bff-a5a7-1371e99f63ab,Naked Albizia,Trancas
456a9c66-06ea-4a50-8c60-966436508f01,Nodding Locoweed,Khamyāb
588e7fe4-7888-4963-ab4e-5a2a198ed0d5,Mexican Groundcherry,Cirangga Kidul
68c987fd-181e-4a55-949a-6c07bc6864af,Stalked Moonwort,Perjuangan
6cea3983-c907-4f01-9bdf-ac7ced83be24,Austroamerican Skin Lichen,no-info
6f77d840-8e37-4a7e-8e11-00345ac40816,Cedars Mariposa Lily,Kazanskaya
8965fd46-338e-4eb0-87d0-39219abef911,Flavoparmelia Lichen,Kuybyshev
7be45cd6-bac3-4d41-b63a-3e29fc9db6a9,Esteve's Pincushion,Içara
916e0632-2267-4efc-8267-9e624010fa91,Western White Pine Dwarf Mistletoe,Dvorichna
9aa48582-8be6-4887-b7b4-15e743d1f2b6,Wyoming Locoweed,Daying
5b802b41-038c-4239-bba3-cbbf6692a363,Atlantic Pigeonwings,Dimovo
4f537305-386e-46bc-8a2d-5f7ff4011ad8,Cafe Falso,Robonkon
1966f6ff-3441-47b2-a6ca-1f60ebeea57c,Indian Flatsedge,Anuradhapura
37324a98-0232-4134-922d-b9573e3d84b7,Hideseed,Banjar Pande
91f00fd2-c9fe-486f-984c-f8683bd935bb,Balsampear,Esquina
04c44b53-44cb-4f78-beba-c2b1cb56f1ef,Asian Forget-me-not,Arari
ca25ed11-e879-4e9b-a3b0-d09f800f25e0,Jacob's-ladder,Yantongtun
793a013b-e85f-4737-a347-9bc397bf3095,Pale Evening Primrose,Támara
05893d13-9a64-4122-8e61-bdb0698cabdf,Sudan Crowfoot Grass,Danghara
d1ef7094-30ee-42ea-8c04-e18e463e54b5,Nevada Goosefoot,Santa Lucia
f76d1df0-2007-4963-b327-b7e88d20379d,Leather Spineflower,Sicheng
87da79dd-2fce-4dcb-b881-bf6c739007cc,Shortstem Buckwheat,Ninghai
5c645443-68d8-446d-9dfa-d1492bf04317,Castilla,Dornava
674ccb41-b1f9-41fe-8a6e-374e7ec8df10,Russian Wildrye,Hongxi
368467d9-0b54-42ea-ba2f-a6c69c83fb71,Bessey's Locoweed,Pejek
a0790278-4565-420f-84d5-f3b5c621f051,Hinahina,Bianzhuang
a8ac6b3f-d9f6-4716-8aad-e7cf909f8441,Dalmatian Toadflax,Ribaldeira
117927f0-2cef-40b3-86df-a47c8c9619fd,Greek Valerian,Danilov
dae3eaa1-3d69-4c76-8ec3-ea2e2234d3f2,Mojave Indigobush,Morfovoúni
6fa9cc02-fcd5-429a-b60f-14ad09c10b7d,Agyrium Lichen,Noisy-le-Grand
a7bf2dae-10fa-4a06-bd4c-71a3bad6844f,Twinleaf,no-info
c045a6e7-5322-442c-bec3-097f5300a5c4,Trachybryum Moss,Gbarnga
50f084fd-9754-4e8b-b628-559ae92b5a87,Saltwater Bush,Solna
e1707add-7b7c-4997-91bf-a4aa77403ab1,Polytrichum Moss,Dayou
9e2cf151-aad9-4b81-83b4-6ec3a84f992d,Whisk Fern,Debark’
f3d1babc-6b29-4cd1-975c-b05b3f33d857,Brewer's Phacelia,Vamvakoú
cf69d013-cda3-4d86-b080-403dee8cff7f,Hawai'i Pearls,Bronnitsy
ce43e0e5-f203-492b-a3a0-24aa58a3d48f,Rio Grande Lovegrass,Saltsjöbaden
887e8ed7-75df-482e-be38-f2dd68221d8f,Hedge False Bindweed,San Antonio
36a7218e-961f-403d-93eb-c47bbf806c8d,Bluntleaf Bedstraw,Larochette
f07ef874-892f-4f44-a376-9d075e2f182c,Rocoto,Radymno
3233fcee-e08c-4b55-a45d-e3fce9069166,Pterigynandrum Moss,Doumé
1b6c61ac-6799-43e4-b10a-320234c81647,Five-stamen Tamarisk,no-info
6625bb3c-fd14-4001-aebd-8bb5f2996646,Purple Cushion Fleabane,Slovenski Javornik
92b3df5a-366e-43d0-851c-e3b2761e990e,Shasta Popcornflower,Koceljeva
b2a2fc0b-1f1e-47aa-9ea1-eeb34f5dedd9,Water Horsetail,Alacaygan
9546c98d-20a8-41ca-b8f6-a79815d2ce30,Dot Lichen,Magetlegar
e8aad43a-9283-417f-9014-ae2ea93b84cd,Andrus' Sphagnum,Yanglinshi
7af9fee3-365b-4283-a3af-50919c0cb5e8,Harper's Flax,Sesheke
baf6811a-624b-4a5e-bbbf-6ad41f9835d5,Scarlet Oak,Dzhalka
a3a4aaf5-3041-4a27-99e9-ee18ade0482d,Vervain,Tādif
59df64e1-48ee-45e6-a695-d41e692bd265,Map Lichen,no-info
27014f16-3263-47f8-809f-d78b6dd2c884,Hawai'i 'ohe,no-info
326fdc99-5d5a-4a3d-a180-eaf93f6fef83,Coastal Plain Yelloweyed Grass,Sizao
008f76ba-53f9-4e29-b8c9-735ee924aea3,Fleshyfruit Gladecress,Ferreiros
20b9d763-91d3-4a37-83b2-ae6bfbbb3afc,Melaspilea Lichen,Buenaventura
6666b201-9d5f-4376-bfc3-57886ddc68c2,Calophyllum,Chenhu
4bcb59b5-d2db-48a9-b3c3-7991b9bd9980,Golden Ragwort,no-info
e57cf31e-baf4-4c25-a8af-eadc68687c62,Myrtle Of The River,Mapinrea
b2a4dc57-1323-47ff-9e39-1be5012faf3d,Hoya,no-info
6d4673c2-14ee-4167-ba4d-8637519564b1,Uinta Basin Hookless Cactus,Wanying
e178ef0c-6394-4906-b5fb-9592eaafea59,Violetflower Petunia,Nizhnyaya Omka
72ad77d5-47f8-4bac-b588-fb78ba7517e4,San Anselmo Navarretia,no-info
2baa288a-b620-4985-a371-ebdf588943a8,Deam's Dewberry,Mao
6991c61b-0b69-4856-bfd2-6f098ad6b652,Pacific Lovegrass,Krajan Bakalan
72cad620-86b4-4580-b83d-34d7bf2dfdae,Timberline Willow,Chipyela
43f45f60-33e5-450c-ab08-e5ac76c07b77,Ditrichum Moss,Qingfeng
1f68d377-1a0d-45c2-8423-170f523e4ebf,Chainfern,Bayan Hure
63efb8e5-ca73-4260-a6a8-720e36139e4e,Pale Agoseris,Petrolia
edb35649-4ed8-46e1-8f90-411dbb51d4c9,Wooton's Ragwort,Strachówka
3b66bc2d-cc71-4490-bbe4-ae5d91cdce01,Pink Sand Verbena,Jintun
c0b0289a-8d06-4053-9c20-1ed30d921ed0,Chalk Maple,no-info
93777f1a-19ee-4a37-b2ad-269922410a61,Roadside Woodrose,Nizhnyaya Omka
f0e14755-f654-4d4d-95cc-f6d08c1aef75,Witch's Hair Lichen,General José de San Martín
683cf794-334c-434d-ae2c-a92c4afa8b6c,Rim Lichen,Saint-Paul
085ce65f-d551-414f-b6cd-dc4d76bbed1f,Goldenbowl Mariposa Lily,Cicayur
47b2573d-e860-4d16-97d0-f21d0b955ad9,Simpleleaf Chastetree,Skórzec
b6773187-3293-46df-a5f0-2e9e114ea620,Chocolate Vine,Philadelphia
590574a8-1f5d-4de6-97f6-62e82c6e4f4c,Hypnum Moss,Karangtawar
c65a16b3-6dd2-4c0d-b772-ecc51969f9a1,Maritime Eyebright,Hugang
11c3c75a-e88c-4396-b09f-38dbe2f71155,Coccuswood,Shimen
ed14c5af-6736-4c61-a6fb-6e08eca7898d,Evergreen Clematis,München
cf40f5c4-c7ac-496e-b64e-abc13394e03b,Silverskin Lichen,Boussé
61577289-1012-4d42-b5bb-984488759cfc,Tundra Alkaligrass,no-info
6a34f34d-9916-4aa2-a525-168ffef473ae,Sweet Scented Geranium,Forécariah
c69e3b46-85d3-48c5-97e6-812139c980a9,Mt. Hamilton Desertparsley,Kariya
30381d28-f587-4dd6-9025-3a6dd86d7ef4,Fendler's Horsenettle,Stockholm
52cc77ae-83b9-4c41-9d40-a865baf58e85,Verbena,Baipu
80a98cbc-d567-4e0c-921b-03764751ae9f,Different-nerve Sedge,Astara
d174e187-1447-4107-a39d-cc1458bb3b47,Chlorocrambe,Jarada
9e415c43-1137-4a4b-80a8-8150cb3ff3a0,European Alder,Kovel’
fdb8fdd9-314a-4319-b2c8-41cd93d29f45,Lyrateleaf Yellowcress,Getulio
6bee962c-e9f1-4941-adc9-32fc9ed5738e,Beaumont's Cup Lichen,Petrodvorets
422d22c2-bfb0-4cfc-82f8-620ea2c2286e,Hedgemustard,no-info
f94578d2-e653-4df5-8117-be1fbb008c5e,Broom Brome,Caçapava
e345f01e-95d1-4355-9c8a-1fafe814d829,Southern Mexican Sage,Dmitriyevka
648f635d-6c2c-45f8-8dc7-1b1a378f12c6,Shineseed,Sukamaju
eb34af44-dfe0-4419-b7d5-3a581059687a,Nihoa Pritchardia,Hexi
17c0e0aa-a16d-4331-8ca7-9ef666a47014,San Bernardino Bluegrass,Palmeira
442bc7e4-6011-4210-817b-bd2f6a0ce1e6,Connect Sedge,Kedungasem
36ca53b8-1585-4a8d-83e5-2cfe93c059da,Bulrush,Qvareli
3593356b-c03c-45da-b5a9-28ad242e47af,Mountain Pine,Cincinnati
35f87d19-7924-466a-af21-668c417b66a7,Rim Lichen,Gainesville
13a76cee-e80d-45c6-a95d-48f80d5e225d,Maui Tetramolopium,Caucaguita
0c08c756-faec-44ae-b272-2cb9f455b38a,Basalt Milkvetch,Kraśnik
52ce062e-bcc1-4921-be02-ca4b1bc0635a,Mustang Monardella,Inanwatan
b4ccc1b4-86a9-45dc-88b4-e32289f2b769,Hybrid Willow,Toulouse
7540bd31-190a-4484-ba95-0ec8a27d43b8,Woman's Tobacco,Comodoro Rivadavia
47f64028-39b9-4ef8-b71b-ebc760b5f0a1,Bur Mallow,Makariv
3aa8b4e1-0182-4325-9252-07f53eadfba8,Thinstem Lady's Mantle,Uzlovaya
fea69047-af31-41eb-b6de-273631338f84,Nineawn Pappusgrass,Baolong
fe63ef24-5131-411f-bcd6-ed0c146a4961,Narrowsepal Phacelia,Granard
d829ab14-8764-4f1a-b6dd-9cd1af000d99,Talus Slope Bur Cucumber,Terara
10b2cefa-8d3a-45a2-bf94-b8f7b0332f18,Tuberous Vervain,Tula
ce7fea93-a6a9-4b97-a0d0-af919127c352,Deflexed Spikemoss,Olhão
fe4ea413-1541-40e7-9905-056ca443ffcd,Volcan's Fuchsia,Reforma
da1fd352-82e9-4b0d-a17d-5f917a5640d3,Tiger Orchid,Tirana
f51d1d07-e90c-4538-b5f8-9a7600bb5388,Fringed Spineflower,Khoroshëvo-Mnevniki
91a0cc65-9774-4ac9-9fc6-19f0f73b086c,Fleshyfruit Gladecress,Xinba
1ad9856f-c474-40f3-a400-2d4b7cb765d5,Emperor Crowngrass,no-info
9cd6efd2-4019-42c2-9238-c54f9bb7cf15,Threespike Goosegrass,Dubăsari
1341f728-f7fd-4644-b6d6-03ef48d22391,Lagascea,no-info
2c4b6e74-f3f8-4992-be28-948ce8737f19,Sulphur-flower Buckwheat,no-info
539f0f36-00fd-4915-b3bc-9bd34c08ef1b,Thelenella Lichen,Clamart
bc808d1a-d196-4f69-a91f-6404663609c7,Charleston Peak Mousetail,Oyama
2c63d9d6-3b44-4d39-83cf-2ccfdbb1fd68,Roundhead Lespedeza,Las Americas
be37919a-ec6e-4092-bec6-74b538cfaaa8,British Alkaligrass,Lae
0a7bfb76-16ed-48f6-95e5-ee423331846b,Evergreen Violet,Tanahmerah
f90a5f6c-01bc-47b7-a2d8-d0ca70004a03,Guyanese Pepper,Qiziltepa Shahri
29560644-b53a-43db-8aa9-cbcb00c735a7,Bolivian Fuchsia,Shanhaiguan
7511d931-ff0e-428e-bada-f2c676ea8415,Silky Sophora,Västra Frölunda
bf48ce6f-4bbe-46f4-ac30-805a3021be5a,Venus' Pride,Glubokiy
d75a60bc-5ac4-43fc-bfa1-40e1e0a55324,Castrate Carpetgrass,no-info
e29c1e65-04cb-40a0-b365-ba59da8cbdb5,Engelmann's Aster,Jiangkouxu
f9686065-9219-45e9-8b8b-45f929d4e1dd,Muscadine,Lawa-an
ce5ef49e-0ca6-4b5a-b561-189f3de5edb9,Axilflower,Wonorejo
d7a0cf5c-286a-42d3-ba05-986c22b21f26,Oat Brome,Zitong
64e93847-81bc-46a9-924f-39a4f10c3770,Cochise Sedge,Kiltamagh
9d5fcc2e-9aab-4cc3-bf6a-5b3edbddd2de,Pitcherplant,Vila Verde
297f67a8-3c2d-4941-b4ca-e98f924849f0,Catchfly,Manturovo
7e11c968-4019-4d49-a0d7-af507ce0e728,Thoroughwort,Plandirejo
98ed311a-0452-4a5d-8f65-66c8f5aaca94,Frosted Lichen,Qingxi
98f3e544-dca7-43fe-bf89-ff94bc627671,Surinamese Stickpea,no-info
bec8aec0-3b92-4925-bfb8-03a18e19837f,Ridgetop Tetramolopium,Sibaté
4a828792-986e-432a-942a-347859b618a0,Orange Lichen,Abeokuta
63cebc18-fcb7-43cb-bfbc-3a10921b2b7b,Seedbox,Cabiguan
1ab314b6-a737-4ae4-878c-2911ce1239fb,Little Redstem Monkeyflower,Nanterre
7dc4b9c5-3904-464b-b0dc-f6ac1aa21fed,Byrsonima,Shaydon
9ab53d01-398c-4ffe-808d-6a4387154014,Oakleaf Mountain Ash,Zhamao
4cfa533b-25ef-41c8-80ec-0cdf609bb127,Alvord Oak,Mintang
8fec9e32-bac2-467f-bff6-40d6ba3b8d69,Deering's Tree Cactus,Guardizela
836705c7-d65d-49dc-a8c4-80bb6b655248,Goatgrass,Pho Duc
c214b2c5-fe53-4bce-ae81-688052481153,Fogg's Goosefoot,Sterling
dc5bd9bc-c810-406b-963d-ace015dc6b15,Subterranean Clover,Yichun
7ec520a7-1dc4-47d1-9e59-c67c8a9185c6,Thelidium Lichen,Nggesa
793ae54d-a42d-4550-818c-5240069c90b9,West Virginia Blackberry,Bomomani
9361a326-4006-4db1-9267-a3998179692c,Streambank Blazingstar,Kongsvinger
4d9fcf5c-bd75-4dc2-a3b9-d7dd4c8e4d67,Pygmypoppy,Severoural’sk
60f89ff4-f759-4577-9169-6c4dab20ac43,Seductive Entodon Moss,Belos Ares
73be12a3-2045-4941-b603-27aab1cb11bd,Slender Sandbur,Ban Muang
f48f0fce-f3eb-4c2e-bcbd-e05b83e505bd,Boreal Bedstraw,Xinjiebu
d42012b2-050d-4f0d-93be-3d6bed226e2b,Pitseed Goosefoot,no-info
61d8294a-8131-4ae7-b32e-aeed77f67c7a,Ravenia,La Maná
28102ab3-1929-450e-beb3-4585c43ffdd7,Hairy Evening Primrose,Sutton
34499ea6-9548-405d-9faa-a0e28b78eccd,Hawai'i Yellowwood,Camgyai
4cbc2391-8499-4582-9b16-cbc06eed3f49,Kidneyleaf Twayblade,Aranguren
22294cb8-90af-459b-a451-f604987ee28c,Torhleaf Goldeneye,Flen
80177018-1892-4de4-92c8-9981fc753deb,Link's Maiden Fern,Al Hilāliyya
aa7eecb7-a324-46b7-bdc3-c2455ff8f6d3,Richard's Clearweed,Śródmieście
bd503002-23d6-4499-81c5-7138bf626165,Parry's Alpinegold,Achiaman
8c59858a-6a74-4354-8ce9-1cfc7607fcec,Earth-nut,Fengshan
22d70a0b-da72-42b2-8ccf-d8121a81c649,Narrow-leaf Wattle,Limeiras
dd9a93d7-b87d-4eef-bf19-05762f3bcdfb,Smooth Spreading Four O'clock,Bicesse
4db3bb45-3263-4ca8-8e6b-24a3f830c73f,Needleroot Bentspur Orchid,no-info
ef0f1dd6-b179-4b19-b93d-67a23d274d04,Malheur Wirelettuce,Glamang
36a0bf6d-ea4f-470c-9d5b-c8f06dd52486,Palm-grass,Épinal
d55fa20f-fe1c-4fda-bd86-d968371c61a7,Paludella Moss,Langkap
6cedc8b0-f067-410b-850f-0ae5bd6330d2,Woodland Water-willow,La Dorada
e76b9e7c-7eeb-43fb-a831-033a50df51a7,Asian Ticktrefoil,Borkowice
8a1d3b86-69a6-467b-8c7a-58e29c134727,Rim Lichen,Sunbu
2cc44ed6-74ca-43d3-b4d4-7fa3cd89d124,Geyer Willow,Carpina
8c301226-4a7b-49d4-8446-21ae0645c9ab,Dunchi Fiber,Aldeias de Cima
71e1cb28-002e-4ac1-933f-4e198cb4c83d,Grainfield Spurge,Loúros
326c5be8-60a6-417f-b865-2561c35dbc6c,Savanna Iris,Dimona
f7206ded-0aa0-4832-96c8-de69cc72e67e,Lined Sedge,Vukojevci
aa2bd57c-d796-40b8-b0ef-7ad447ae47df,Onespike Beaksedge,Tha Uthen
b1f2b218-eca8-445d-bc00-a7e013e26e5a,Nealley's Woollygrass,Bogoria
2d179fd9-095a-4b8b-85c6-f116fe3bb60f,Wild Basil,Javānrūd
317b6dad-5e45-44e2-a80d-0e46e089acb1,Wattle Signalgrass,Empangeni
661b7851-8125-4db4-afc2-741c194d4f6b,Hayfield Tarweed,Youxi Chengguanzhen
de87deb5-9f47-4faf-8db1-ca6305c78fc6,Roble De Sierra,Thung Song
c6f727e1-5087-4425-a2a0-7ee9509b28ff,Walter's Groundcherry,Huddinge
7d83e337-1cca-49e2-a02d-b876c5fb7fb4,Whorled Marshpennywort,Magisterial
dabebdc1-b65f-4ed9-b13a-6620de2f50a1,Woolly Goat Chicory,Cubará
b3d90ad8-8ef2-4118-a72a-66fd525ce702,Desert Combleaf,La Hacienda
839e0bad-9895-44af-8fec-4c5dd55ab1d9,Dot Lichen,Cabanilla
f167e430-e56c-42fe-b1ed-b17eb110efeb,Bletilla,Sandefjord
7101fc96-a9b1-4159-bdfb-199abf2ef9a7,Sticky Blue Eyed Mary,Loay
6a01d255-578c-4f4a-8117-805096356850,Soft Popcornflower,Zhuting
c681da5b-8e95-4694-a8e7-11e7bb71cf1f,Watergrass,no-info
6fc9d58b-e8b2-486b-8108-123ed4f0a909,White Blue-eyed Grass,Pondokdalem
e42c6572-3b7f-4e76-8308-0ba96bc05f8f,Littleleaf Milkwort,no-info
15495c96-206a-47e0-8e2d-22676ffd8993,Rimmed Lichen,Starotitarovskaya
cda7aa4d-2bcc-4f37-b42e-a44de0929090,Tansyleaf Nightshade,Longwu
b242f722-e69b-4ba7-a990-0a238fcf933f,Melanelia Lichen,Krásná Lípa
eaf3c5ea-cd8a-40e4-8988-0910beb34a0f,Hairy False Goldenaster,Kapuan
2b42d65a-6973-4e35-adc9-c5757e2bc729,Spotted Signal Grass,Liulin
d62e47d9-107d-4b75-824b-089ee26970a1,Homalothecium Moss,Carcavelos
82c4cbb2-4050-4141-b97e-384793012328,Balsampear,Liên Chiểu
30e0002c-070c-4e0f-8103-36ee43e48a8b,Antelopehorns,no-info
1acf9a9e-5849-4d05-a55c-91a5d5239b4f,Florida Amaranth,Chenjiaba
d3ffab66-5a7a-45d8-8812-f9ec5b58c923,Orcutt's Gymnostomiella Moss,Tulihe
11dfc5d3-a094-477e-979c-405a5b94ba7a,Dwarf Sedge,Lantapan
aba4885f-973b-4691-91b0-c3c17572803d,Pennsylvania Catchfly,Zhoutou
e9829c28-fe90-4099-864b-1908cd89adf1,Martinique Sweetleaf,Sipirok
453cd366-f23e-45d7-b02a-8278b793cede,Wart Lichen,San Francisco
df15ef21-6207-443a-becd-4f0328f41db1,Xanthoparmelia Lichen,Orzu
45eb8d79-1ee8-4a1e-b570-336a00dde99e,Nakedstem Carpetweed,Cercal
58492c9c-fffb-491d-a5d1-5fc4d2dc8ad3,Climbing Wartclub,Niujiang
03c3453e-4907-4d27-a3fa-8e0b886a2816,Netted Nutrush,Sebba
f35bfbf2-1ef9-43e2-8610-593ccfd7780c,Sand Palafox,no-info
405b3ca9-c5f6-4abc-aaf9-1e8bb7d78a96,Tweedy's Snowlover,Amsterdam Nieuw West
9e181b89-0a9a-468e-8281-f84386544499,Enander's Sedge,no-info
5468a147-6769-48dc-90a3-4465b61386af,Spreading Chervil,Jifnā
d2dc5429-36eb-4f2f-b5dd-69cc68b03bf1,Caricature-plant,Ilesa
422c36f1-4b3b-4848-88e3-1ff7627c874e,Bamboo,Filimonovo
1db16b7f-ca85-4f00-9691-d19cffe5f5b6,Guadeloupe Cucumber,Pégeia
7e5c3c0e-4cc8-4aa1-8878-dd4799192376,Sewer Vine,no-info
5ff9a15b-8a91-4e92-acec-7074b4193395,Galenia,Shīrvān
b8505ab1-3629-4bb2-90d1-11d241d6cafb,White Wild Indigo,Cuiabá
77cdda35-40ac-48c8-96ae-cec94c831d06,Nelsonia,Surkhet
99de0cf0-9194-4276-8ab7-eea3435f43e9,Upland Beardtongue,no-info
d58345fa-5679-4a37-a6be-86bfae0a1d2c,Checkered Rattlesnake Plantain,Chiara
b9957935-f68c-4c53-a788-ec7fc2f8c997,Spleenwort,Aomori Shi
5f30a88d-b10a-42c8-ae15-a2ae1bb2692b,Blackmat Splashzone Moss,Koudougou
ad8ca3c9-8785-4e08-ba79-e7c153041fa1,Panamint Springparsley,Pajala
7252ac76-4b66-4827-92f4-1329305f7508,Paleyellow Suncup,Dacheng
8888507f-112d-4896-b8d4-6b9c90731127,Two-leaf Vetch,Tasböget
2c70bd89-8eb6-4763-834a-a980b9fc7851,Threeleaf Lewisia,Xiaozhang
2bf86d65-c8c4-482e-91cb-5f92378ce565,Puerto Rico Hogwood,Velyka Oleksandrivka
d08287da-6566-43d2-84d8-5576ae19a4a3,West Indian Cherry,Nybro
a6016d9e-65d0-4bee-afd7-cab747cb7b5e,Michaux's Beard Lichen,Vilcún
ac1e94e8-1d2a-4cc1-86e8-f604c088d8c8,Cupped Monolopia,Dan Sadau
236778b4-2098-4bc0-a783-2d192bef5ff1,Murray's Rockcress,Ust’-Ulagan
c97fefb0-36f1-420d-a058-1b856a38048f,Hybrid Violet,no-info
67c5c3ec-6593-4f4f-80d9-591fe4d64ea5,Catclawvine,Sacramento
c2bdfac8-abad-42a9-bd40-2e404c7bb1b0,Baby Rubberplant,Karis
c7e7ad31-0533-4b5e-9803-6a3db7301811,Sphagnum,Knin
f55895bc-3cef-47e8-b60e-b8993c33962a,Whiskerbush,no-info
ae7dce19-b53b-4444-8d6e-b5f6901241d5,Harlequin Calicoflower,Lyuban’
192e63f6-fba1-4b02-939d-40adef12cb25,Golden Draba,Nueva Fuerza
69fd14a0-d9f4-4761-92de-a434bd142bfc,Longstalk Springparsley,Mairinque
e19ca25d-d2b7-487c-bd60-0cefdfcba0c2,Autumn Dwarf Gentian,Ölgiy
96c4903a-c404-403a-a69d-41cb504eff73,Alpine Tetramolopium,Hangbu
1a9fc698-9b23-4bd3-8205-c10bb81c0f15,Dwarf Erythrina,Oslo
07d94760-d028-4cb6-9f48-7e9bcae2be0e,Maximowicz's Myuroclada Moss,Jacaraú
4d799c5c-b67b-491b-948a-d5c87226fe2d,Rosewood,Lascano
6164b5ed-9eb3-4eaf-9545-8955e9af80ad,Batflower,Xarsingma
64d91caa-f34b-4601-a4ee-bb8f40649d66,Philonotis Moss,Tawau
8a157968-dbb3-4f83-ae78-61f248c52f7a,Cuban Windmill Grass,Visby
6e31ff82-7634-4f61-8d22-71b9530ef62f,Sonoma Ground Rose,Delães
8e303133-bac1-48c1-87dc-8cc8e31b9cdd,Cracked Lichen,Vitanje
978f9dd7-14cc-40c6-b97e-1c4aa0cb986c,Monkeypod,Ciparay
e7bbb534-b3d0-427d-b68e-255ea623ce00,Western Umbrella-sedge,no-info
015ff8f7-4492-4c8e-9dfb-6f4a6a521542,Smooth Brome,Tanggung
07fda7a6-d908-4260-af2a-b1831958c99b,Pineneedle Toadflax,Mandera
e36dd997-08c9-4eac-90c8-fb05612b0f8a,Grapeleaf Begonia,no-info
cc71125e-f0b6-409c-830f-5af8190dcd2e,Monterey Larkspur,Reconquista
cab97ec1-72a8-4cbd-9939-bbf2262faaa3,Silver July Croton,no-info
033b5970-bd0c-48d4-9bda-507ce3a3bd21,Green Princesplume,Agusan
7171a307-c50d-494d-9854-07ff989a69cf,Marunguey,Mġarr
f9c6eb44-adc7-4afc-91de-629132b33bf6,Script Lichen,Roshchino
bc3edb53-5e40-4f22-b9c6-1a76c0d81bf3,Needleleaf Waternymph,Vicente Guerrero
e60d3897-59f7-47d7-b8a9-9269c080bdf4,Arizona Mousetail,Ncue
ddd8689c-2f34-4f78-a5d2-d95de2d72aa2,Utah Mousetail,Guacarí
669fcee0-5a28-428e-b7ee-45ed6f6606d0,Grand Junction Cryptantha,Vysotsk
697c013d-6b7c-4884-ad8a-f5cb3dcf605e,Frosted Lichen,Ambalavao
05898d71-be09-4b79-8508-ac48bf866e34,Fairy Beaksedge,Hulín
15e961e6-cdd9-4f55-a6e5-3900b00d7923,Emery County Bedstraw,Várzea da Palma
4d170c39-941b-4c67-b92e-a25f84bd8639,Blackfruit Spikerush,no-info
138c1ddb-ef5b-4dba-945b-8e51f3964eb4,Pale Rush,Lelystad
e9552005-5db7-47d2-94ce-56bcaa5a875a,Bartram's Tortula Moss,Gislaved
137ca849-c117-4314-865e-e05b3edd8ff5,Woolly Locoweed,no-info
eb5f0152-b57a-4973-896d-d859a7420f94,Stonecrop Phacelia,Hengjian
5664487a-a1ac-402a-bf2a-459b4266b1cc,Seaside Larkspur,Wangkung
5c656c2b-ff2d-482c-b8ec-e29160add398,Big Bend Pricklypear,Jinsha
0cb2d916-6e90-4563-9caa-737f219c8397,Broussonetia,Kalwaria Zebrzydowska
f7ab06b2-e0f5-44af-a4e5-42f62be7f391,Pincushion Flower,Bang Nam Priao
034d78ce-50e7-4011-8da0-d63abfe93b6f,Bristly Speargrass,Shiree
f423bb96-4aff-4fef-a71c-b50cb353c26a,Robust Spineflower,Tieling
987f83d5-1206-4f3d-90ee-5ce3690e2571,Tawny Cryptantha,Hanjiashu
43c52325-068b-4e8d-8847-95ececebabc2,Coyotethistle,Laxey
e4af9d5a-c516-4a33-8395-e80e86b1ecde,Sesbania,Qŭrghontepa
e560c890-8d40-466a-89d0-80f8bb3eff84,Afzel's Script Lichen,no-info
5089d2fa-4b1c-445a-8a81-19fa0efb7fc1,Narrowleaf Silkgrass,Cidahu
72ca4b52-a858-493f-8cda-b1d0514cbde2,Tundra Alkaligrass,Waimangura
f4ea1514-f28b-4f2e-bfcb-fc0c7f86e1df,Bottlebrush,Itápolis
1d3fbb4d-5680-42cd-9551-543c61330d0e,Tetraphis Moss,Skórzec
0245a290-ab02-4b5e-ba2e-41de78639219,Western Mountain Ash,Oksa
27c4ad46-3013-4807-b545-9994ff049e98,Lesser Butter And Eggs,no-info
4aba0027-3325-4e33-b531-5e9b964896ec,Bedgrass,Nangalisan
7e16e0bd-fba0-4407-8454-6f6090798b9d,Annual Silver Hairgrass,Grojec
7b08a49c-eb47-42e1-b3ce-529c476a5ebd,Birdeye Pearlwort,Vin’kivtsi
646d5bdd-6a19-4c9d-aa8a-361c8bcda0ab,Sticky Purple Geranium,Goma
795746ce-be73-413a-877a-178dffa57959,Guadeloupe Cucumber,Tiflet
db4f406e-ce9d-4d2a-ba95-bf6ee47d43c3,Calico Aster,Muqui
68c803ba-ac75-44a0-b5e4-6f24e46eb7af,Smallflower Woodland-star,Heyin
e2e5e8c8-c7dd-41e0-99df-fd5ce01bad30,Longleaf Milkpea,no-info
4f142812-bc56-409d-9787-0f17942a67e8,Handsome Phacelia,Mas‘adah
8bc734f5-2e91-4775-8bbf-b80554474022,Polycoccum Lichen,Philadelphia
6f4e94b0-6fcb-4432-8f1b-103f0587ab1f,Heartleaf Arnica,Tosontsengel
8fe00fcc-0fbf-49eb-95bb-21add38cf7aa,Big Map Lichen,Gwangtan
b1d30509-41c9-455d-ba9d-7c043cd008c6,Catesby's False Bindweed,Mantes-la-Jolie
ce7f32aa-bb6f-4d0a-8f31-bf7b4ef3e2d2,Florida Pineland Spurge,Era
52799b80-6bb1-463f-bb1e-d59940fccec8,Tall Coastal Plantain,Santa Cruz
c7eb24dc-151b-4c13-ae13-a532bf959cfd,Cory's Mistletoe,no-info
e14c1631-3226-47b7-a10f-7eabd0795ab0,Jagged Chickweed,Sim
efc71a1d-fac3-4aca-a597-a74246a79494,Rio Grande Pricklypear,Douliu
1f303a64-b461-4e11-afaf-ff5211350818,Aerva,Langchuan
8ba1f86b-45fb-4bdf-84f8-48b8b0c2ae99,Verde Formation Breadroot,Boa Esperança
883b68c6-ed1f-4a9f-9906-ea227cf3dfd0,California Spikenard,Nadezhda
d3e5eed8-c802-45f9-aaaa-a49b7d362664,Bristly Matilija Poppy,Shiqiao
ab379229-d04d-4962-b20e-7217c26197bd,Smallhead Tetramolopium,no-info
0a5230c7-17ff-45ee-a662-e400d13eafc5,Kauai Remya,Ivanovo
9644c216-ef4c-40b1-883a-1f745aee1e54,Twinberry,Bali
9f706a71-e054-4533-80df-ce97b10131d6,Mexican Homomallium Moss,Hartford
5893c642-9580-4a9b-9361-d8608e7e9429,Organ Mountain Foxtail Cactus,Kedung
e8c8f6b8-6a7f-42fa-9bc6-12a39b64ae6b,Red Dome Blanketflower,Maha Sarakham
c9539ba6-223d-4d11-913b-3ffa7e63262b,Hypoderris,no-info
06ede4f4-7f2d-45a1-b2d2-90314cd04174,Feltleaf Violet,Itaguaí
3da18525-29bd-412a-b578-965cdbcfde82,Littleflower Figwort,no-info
2f232347-f0b1-4316-8a29-c1c40da07081,Glandular Threadplant,Jinshanwei
31f0c191-9443-4dc8-a6a3-fc1d0eac0bfa,Common Asparagus Fern,Bile
31fe1879-b31e-4d9f-963d-11e0bf754a33,Hairy Four O'clock,Huari
ec6a07fa-367c-4f5b-8c85-a87e6f54dd49,Pitseed Goosefoot,Akademgorodok
9a7571d3-1525-4f1e-b6b8-64fbff8e0912,Wideleaf Indian Paintbrush,Aldana
ba3168e3-adda-4765-8c33-69f2f05723f8,Sprouting Leaf Willow,Niitsu-honchō
a8e4f7bb-0ac6-493a-9a2c-77e18208cfd5,Goldenrod,Brody
11834866-8a22-400e-af39-ccb325dc5a4c,Chiricahua Adder's-mouth Orchid,Springfield
b002312b-fba4-4ebb-9e90-65e22dba6d91,Whorled Milkwort,Yashiga
28fef920-98e1-4ede-99b9-a9c6c71a2662,Anacamptodon Moss,Larvik
0ffc2d82-a208-42ad-abab-087b5c8d73a1,Winged Buckwheat,Tisno
a63317b0-7cde-46a3-914a-f88187614bfc,Little Lovegrass,Suslonger
67e1a568-7e5e-4524-a6c3-3acdee1844bf,Fluxweed,Kharp
fc11340c-384d-4d63-9d17-4e3e21c84d88,Shasta Helianthella,Jequitinhonha
1a24acd5-66dc-41ac-9010-070fe4a96866,Guadalupe Oak,Krajan Sumberanget
28d16ba5-cdd1-465a-ac9f-5dc57582e4bd,Manyflower Geranium,Hyżne
085e6e0d-db64-4dc2-91fe-2aa1e945f4a9,Scorpidium Moss,Dongmafang
232c61b8-7d8f-49b0-a2fb-0d68edaf3b27,Fringed Yellow Star-grass,Pôsto Fiscal Rolim de Moura
eb9b89cd-4098-4d85-a7c5-c9bb9bd929b2,Ledge Stonecrop,Cabeça Gorda
b2d1f72e-0929-47e4-baf6-fc92f5ec3d16,Wavyleaf Silktassel,Buenavista
e0fd936e-957b-45fc-a247-ce219fef5390,West Indian Milkwort,Zigong
4e042a3b-128a-4f4a-9a51-2953c23421ee,Reindeer Lichen,Gunungsari
a7200bb6-a455-4ffb-8855-091cec608bde,Miterwort,Camacupa
4b6096f2-0b76-4b0a-9e2b-16750da8e880,Cretan Bryony,Baluk
b123a51a-f9aa-4f65-907c-beae55523831,Chestnut,Geser
f580b962-5a87-43f0-8684-ae630a57a265,Desert Peach,Varėna
647c19ee-306a-4a04-b4b4-39cb3e76168f,Linearleaf Primrose-willow,Hanušovice
2237728c-549c-4699-b67e-fe3ecff853b8,Carissa,Roanne
1f9de6e8-d01c-42b9-b0c7-22eeffd2c50d,Oosting's Hypotrachyna Lichen,Primero de Mayo
01f431c8-42d7-45b2-91d9-2b12451fa6cd,Marsh Checkerbloom,Fengmu
acd5f26e-5866-4cab-92e5-8992a6cb8b8f,Paper Mulberry,Dobdoban
56873850-37c3-4b3d-81d9-70c06d4d6520,Fourpart Dwarf Gentian,San Lorenzo
9f9732eb-cac6-4302-a43c-7c06444280c5,Barrenground Willow,Ouidah
97158592-e41e-4e1a-85b7-f3b6c9803264,Heermann's Buckwheat,Benevides
ea9f5cfe-fbc8-49b8-b28a-7ce7ee16223a,Goatgrass,Alkmaar
36bc138a-04c0-4026-8ccc-87a7f722886d,Hawthorn,Drezdenko
ce938d6c-efb6-41fe-9682-0553a818e724,Chaparral Goldenbush,Waterloo
27bff621-3b14-49af-8d5a-506d87bb45e8,Horseflyweed,Sanqishi
367823e0-dc29-4ff0-b843-06874942510b,Palmleaf Globemallow,Linfen
397a29f3-944d-4520-9b75-8f376ec11704,Kauai Sawsedge,Setaka
adae41b8-2cd0-44b1-89d3-7223e1af26e5,'ohe Makai,no-info
d2d51d52-f095-4f4f-84ea-4c120e7cd035,Heartleaf Skullcap,Alverca do Ribatejo
afef1329-62db-4e06-9de1-482ae4d5a4a7,Ungnadia,Malangabang
d2af34e3-9f78-49c9-bbaf-4eece6a3f6fc,Tall Brome,Buseresere
6fab25a5-8f98-432c-8137-ae44f0b19cd3,Lollipop Mimosa,Quisqueya
3bca748b-bdd1-4661-a14a-8b3b76e8e7cf,Rim Lichen,Bhairab Bāzār
7c6e962c-c45c-4012-8e93-f65806506458,Wand Lessingia,Néa Vrasná
b7f67358-4fad-4b2d-b90a-9c296642fd0b,Lemmon's Rockcress,Lewolang
6234e29f-0912-405e-b890-98d6156e004c,Threeleaf Soapberry,Badāmā
9392f53d-f7a6-4903-94aa-0afb2e2bce9c,Calcareous Zahlbrucknerella Lichen,São Fidélis
ec019cab-45eb-4424-ae72-7e973f60269f,Coastal Lovegrass,Klinan
572764be-3fa2-451b-9e49-e8ca018ca549,Front Range Beardtongue,Malbork
ed162097-0013-47ac-a649-771032f7025d,Fig,Citatah Kaler
df6ae867-d78b-4f61-a080-1c9d4ddf1025,Cliff Dwarf-primrose,Mandera
7b49ed10-6dc7-4d4a-8427-74e27bf99090,Analogue Sedge,Braunschweig
6c995634-a029-4de8-ba27-e3568691dccb,Basin Cryptantha,Qiantang
6edc762b-44d4-4f36-9715-a7430994e659,Carolina Silverbell,Maticmatic
c0999d1a-9a57-4936-b14d-25f27cd46783,San Joaquin Woollythread,Xianghu
f9027662-a98e-4ecc-a0da-7a40beaa7682,Panal,Sui’an
0ff09cce-6c97-4c77-ab4f-df94b8f1eb3d,Pilose Phyllostegia,Fengsheng
e5422f99-bec2-4305-ae66-5103f14650a0,Onesided Threadplant,Knivsta
e9fb62f9-6efc-4bb9-a31a-ca96fb99ba05,Grayleaf Phlox,no-info
67784bbb-4369-4071-a1cc-abf3d37cbf96,Legousia,Tākestān
642c51f2-d475-4a1f-9f47-b3c0d318d736,Largeflower Aster,no-info
c02304d0-e99d-459f-b888-070535a0af7d,Maricao,Koudougou
69a4c8d6-93ea-4f2a-a99c-bb6bb56c50b5,Hairy Cupgrass,Koronowo
b8c03a03-c23e-4d02-9a93-481f283b13ea,Mexican Fireplant,Bayaguana
326f7041-9004-49fe-9ec4-9ee34b9c245a,Spreading Bladderpod,Knyszyn
5b13bb87-7c70-49f0-8c3d-c98614ba62b7,Orange Mullein,Benito Juarez
af05d078-802f-4d3a-9d6d-3fea3e122864,Stokes' Aster,no-info
8f7e1b9e-1b40-410c-9985-70a2d9d9fa6b,Limestone Spike-rush,Patapan
80837129-3764-4cea-ae17-de187e2c6035,Tongueshape Bogmat,Mosteiro
8a117c00-298e-4ca7-acae-6e1dcde245db,Towering Jacob's-ladder,Yarabamba
5bbe43c6-f650-4b36-ae3d-caf692436c06,Grampians Gum,Wierzbica
c29a68a2-ebbf-46fd-b814-228cabf93264,Kittentails,Mariestad
b8117b9d-17cc-43e4-9c99-c998af652737,Leadplant,Parychy
88a56277-f551-471f-8d03-0ef858b7c17b,Woolly Sedge,Gaozhou
90b82a56-990e-460c-b82f-0ac43b5da6ed,Western Heermann's Buckwheat,no-info
7f55242a-80c3-4cc4-bfc9-5de90520ffa5,Winter's Bark,Biała Piska
db609086-58cb-473e-bc02-5cdcf7e27443,Petite Flamboyant Bauhinia,Jinfeng
f7e284fb-b0ae-4dd5-b128-314df524609d,Catalina Tarweed,Moroni
c505f897-4da8-469f-801c-d1edb56a527d,Calico Aster,Pervomaysk
3037e9c9-abaa-41d2-9a8a-c206a032ebf0,Utah Phacelia,Illela
95a08459-3019-4e1d-8253-91fe4ba5028f,Dwarf Nasturtium,Ilesa
f3894e18-c608-44a1-8e50-9039609f6ea4,Duchesne Penstemon,Ravne
0df4fb24-9be1-444f-aae9-a42ee4798be9,Uahiapele,Stockton
50d6644e-0481-4b40-bcc5-c00aa272d0c4,Laredo Flax,Banī Suwayf
b7d7f128-5da8-4743-87aa-7e23c3a8cfd5,Unexpected Larkspur,Grängesberg
4ae9d05a-49e4-4453-b901-886ff239dbdc,Cyathula,Kakan
30bdf3f7-6653-4d89-876f-3eca29589337,Poppy,Čížkovice
c2fc160a-10a7-4212-8d2c-2234512c3ba8,Caribbean Jug Orchid,Zeewolde
dbd604c2-3d80-4675-9dad-861ff35e7deb,Tapered Cudweed,Xingtai
53034d87-1924-4843-9a97-98a3585eff1c,Kellogg's Dwarf Rush,Topolovgrad
14039de5-1250-4cc4-af01-9dc1b6ee5dd7,Heller's Cudweed,Vänersborg
95fc671a-680f-42cd-a757-40efe7ff01e1,Bulblet Bladderfern,Rodatychi
9f70ed0d-419f-4951-ba84-bce186999b25,Palo De Cachimbo,no-info
0773d68e-48cf-4c14-9ea2-9a33db7d4619,Haha,no-info
cca7f79b-b4c0-4ae8-886b-f2730b66e0d6,Refugio Manzanita,Macinhata da Seixa
fe8c0dbe-8fbc-4ba1-84f7-f5433dc97c94,Sonoran Scrub Oak,Montélimar
8f0dd640-2028-4fae-a41f-5ab3295d3397,Broadleaf Barbara's Buttons,Shimada
5d7d7817-a07e-4459-9424-c11db6699849,Pricklyfruit Bur Cucumber,Filipstad
9788128e-be68-4899-b0f2-c4e5dff16b12,Edwards Plateau Yellow Stingbush,Guanyao
72f08f8c-4bdd-4225-9b94-c39e87855052,Leproloma Lichen,Aguadulce
bdda6b2e-e340-4e79-93ee-e4cf85605f4d,Oahu Rollandia,Lebao
99acd111-1e84-40e1-8440-82978df0f4e7,Pennsylvania Everlasting,Soroti
d6d7a16c-2724-4b36-9c38-534e8a025b4f,Breutel's Notothylas,Cieplice Śląskie Zdrój
8e5db70a-5b9d-4e60-85f0-a2da3eab7057,False Grama,Owen Sound
eb6f36c8-4f74-41f9-8066-0c59bd80f3e8,Violet Lespedeza,Xiabuji
d6bcc9d4-8beb-4231-bdeb-77fb679b039a,Little Grapefern,Montbéliard
0c313cad-49bb-443d-8905-99082f17b22a,Field Sagewort,Wang Noi
97d2125a-ceb2-406d-8bcc-8af309e721c5,False Springparsley,Shashi
4e93f77d-5eda-484c-80c7-a3f0d637d853,Fissurewort,Pingle
5b71b426-05ef-49c4-a65e-53841e038e12,Irisleaf Rush,Magrath
c4cce995-1a27-4542-b380-a87dea92a0a8,Sierra Larkspur,Sholokhove
ecb792e7-b773-4c6c-b257-c86605724360,Senegal Boscia,Mungui
5cbe0926-25c3-4131-b566-302d9884cb03,Ice Cold Buttercup,no-info
baf48f7f-1c8c-4d7a-bea8-28f27cadea9e,Leptopterigynandrum Moss,Əhmədbəyli
a7b49c6d-1a9a-4918-9896-36c2b9ab60a5,Thatching Grass,Jining
bc257923-1cc4-415c-adeb-27d00e74cfaa,Puerto Rico Clover Ash,Chóra
80197fd0-e157-457c-ba4e-6c2ceb45bf2b,Wright's Snakeroot,Krivyanskaya
ad98f0f6-ceaf-401b-9099-bcf38ec6b901,Rimmed Lichen,Zhantang
f1e1e973-6931-4675-b7e2-9123d0bcc740,Stiffstem Saxifrage,Yucheng
879ecc10-b53e-4300-9177-218f67732dbd,Obovate Beakgrain,no-info
92c1d580-7ba4-4e07-9259-2333c2ef1242,Mouriri,Tilik
abd48349-f191-4465-8cbf-3081a5d206c1,Acinos,Łącko
9ac4a5e3-c95a-4072-913f-03db3bc02645,Governor's Plum,Hohoe
dd967629-8479-47de-9cec-3346976fc187,Parry's Rabbitbrush,Hongshan
2ae1c5e8-8664-4998-9a70-3539c68b2e97,Winged Panicgrass,Parungjawa
19a47535-fb32-4e35-97a9-ba9317433122,Atkinson's Tickseed,Ust’-Uda
47982839-e7bf-4600-b0b8-b738a18d5a44,Seaside Brookweed,Ad Dīwānīyah
71b4eb81-48f3-4655-a102-5836316de885,Shiny-leaf Yellow Loosestrife,Wenquan
0b828822-2384-42d6-a724-428bd2d25c99,Sea-onion,Chandra
42c6afb6-5ba4-4b15-b996-82f63a5ccb72,Pacific Tube Lichen,Maun
c06f9911-bb36-41da-b43f-9b2599988215,Episcia,Itambé
37c6cc1e-b805-461f-af4b-c1bcc5ba3ef3,Uinta Basin Gilia,Amadora
d6a54f3e-992f-4dcc-a6d1-95e804a3afff,Ciliate Reindeer Lichen,Kuje
8a32517a-234b-44d8-a28e-ecd8022e556d,Buckwheat Vine,Abelheira
b5880a35-2baa-46db-82dd-f24ecbba124e,Histiopteris,Kalino
947d16f6-04e1-4a58-b57e-248aa16c62a6,Pruit's Candytuft,Yingshouyingzi
95074881-ba51-49a8-944f-1cbff3e45211,Mississippi Sphagnum,Long Layu
190b5b5a-aef7-4ebf-ba24-d79445df9c8f,Anoectangium Moss,Nakhabino
6b9cc0dd-75f3-4aad-8971-5bf92afa8adf,Eared Veinfern,Mendez-Nuñez
8ec2709e-329c-44f6-9309-19f4496fe0aa,Brandegee's Onion,Thị Trấn Yên Ninh
0f0d69ee-9e86-4b03-ba59-c1bad6671f9c,Bashful Ragwort,Huarong Chengguanzhen
af33f7e6-10e6-45bc-af70-76837df622bd,Hybrid Balsam Poplar,Błędów
afd42dab-6ae7-41fe-8d63-3a96592a1de7,Hairy Hedgenettle,Bongandanga
96d3b995-0fe9-4a8e-b2f0-b0bc7b0821d4,Whorled Milkwort,Depapre
36d208b9-b3f7-4088-a19d-e71b6dbe9b11,Madagascar Dropseed,Natonin
c29e907e-085b-4abf-892e-c7fe3365e38a,Harsh Cyanea,Chapimarca
c7e6d180-b6f0-442b-8cd1-68d98db325a7,Abey Amarillo,Askersund
09ad4c2c-7dfd-4947-842f-b2911e901dfd,Wart Lichen,no-info
2b8fe5b1-b4d8-45f7-b2b0-4daca5948455,Trematodon Moss,Louisville
322fc8e7-c2f9-4fc3-937d-b6d7477306ca,Colorado Ragwort,Oslo
953981ef-6386-4a4d-8869-87b087937c11,Sycamore,Parobé
a7b5949d-d1e6-4fc5-9d7b-43a1c1f071a1,San Carlos Buckwheat,Sambilawang
69050ad2-f6dd-494d-9f24-efb42bc8efd5,Elmendorf's Onion,El Carmen
ac7fb308-de04-4473-807e-3312ebca01a0,Hawthorn,Dongtang
3ab479d3-bcdf-40f1-aa44-eadda7db285e,Luquillo Forest Lidflower,no-info
a1eba539-2209-4f18-a7b9-273fced43b35,Diffuse Spiderwort,Yinying
98add8e3-de0e-439a-b03c-3c7f991bbf8b,Snow Lichen,Piraí do Sul
a3eed46f-0eb6-4809-b8a6-355f219b1720,Upright Myrtle Spurge,Bronkhorstspruit
81312460-d3a4-471c-92d3-57cd3590e853,West Indian Woodsorrel,no-info
f157d11a-365d-4eec-89e7-6bc15ca1166b,Tropical Dock,Bang Phae
e4f8e623-6ac7-4e78-afb3-9a7caa7deeb1,Cupflower,Longhe
b68bb352-8929-463e-b624-6fac95f1b04e,Esslingeriana Lichen,Amboasary
05042eca-ccd6-4f54-bf3d-96d5cdcfc23b,Nodding Buckwheat,Lattes
6016c0fd-5b0c-43d9-82d6-cee73af87da4,Sweetshoot Bamboo,Cerava
a5219404-6ccb-41ae-8e0b-c09f9a5eb140,Ratwood,Lamas
c26ed54b-e084-4cb9-b690-40715947b53f,Beilschmiedia,Kiltamagh
a2df6117-6762-4a79-ba17-a74c40f8b470,Sugarberry,Sremčica
0d0beab7-45ef-43e0-b803-aa3aac03ab84,Bastard Hogberry,Uzda
a1f4144f-a2aa-4ed9-83be-b9b754b5bffc,Bamboo Muhly,Rivesaltes
8d8772a8-4ca4-4747-be2a-5bafbb0d8aa8,Fissidens Moss,Morelos
907383bd-10c1-42aa-90a6-aab2559ea41e,New Mexico Maple,Haokou
a9b4c211-bef9-4fc1-a748-ed557d899d2b,Silverback,Madīnat Ḩamad
f25b977a-f0f1-427a-b107-7fb8bd7477dc,Texas Townsend Daisy,Sang-e Chārak
77f2d2fd-39ec-4754-8b80-dc79873e53a5,Checker Lily,no-info
545a93fe-3c09-40d4-bf26-c7207692ae2c,Sandhill St. Johnswort,Xiaolongmen
c98800c7-c54a-4d8e-bc25-6a40153b179a,Glandular Yellow Phacelia,Belmullet
d1782e6b-0284-4e93-9d8e-dbebd5f2fb99,Resin Birch,Mhango
4ccf7828-3b10-4225-b85d-f0c95228ab17,Claoxylon,Göteborg
c9ea9875-b458-4eca-8217-56c7221e1ae5,Cartilage Lichen,Fiais da Beira
d1a704da-b79f-44b3-9702-0ebf51eee14f,Wolf's Trisetum,Sanshandao
a86c3544-7216-4949-bf24-8cf2afb8650c,Nylander's Lecidea Lichen,Podporozh’ye
0dbb18e2-2cd2-4139-ab09-3ae523f52807,Prockia,Brodokalmak
d18ac35d-d097-40de-9dc9-d5fe18157ce3,Copper Mine Milkvetch,Reno
c720633e-20a8-4f98-a5ed-b0abf7eaf946,Azure Blue Sage,Pinggang
